"Year","Site_ID","Plant_gen_sp","plant_id","Fruit_Yes","Fruit_No","Fruit_preyed","Fruit_dispersed","fruit_formado","fruit_total","fruit_proportion","Seeds","Seed_weight","Flower_abundance","freq_total","n_round","time_obs","freq_min","visitatio_rate","S_total"
"2015","Aznalcazar","Asphodelus fistulosus","B",23,16,7,0,30,46,0.652173913043478,2.66666666666667,0.00911833333333333,27,4,4,5,0.2,0.00740740740740741,3
"2015","Aznalcazar","Asphodelus fistulosus","C",40,6,21,0,61,67,0.91044776119403,4.14285714285714,0.0130114285714286,13,1,3,5,0.0666666666666667,0.00512820512820513,1
"2017","Aznalcazar","Cistus crispus","A",5,0,0,0,5,5,1,47.6666666666667,0.0207533333333333,11,1,1,3,0.333333333333333,0.0303030303030303,1
"2017","Aznalcazar","Cistus crispus","B",6,0,0,0,6,6,1,36,0.0186333333333333,10,1,1,3,0.333333333333333,0.0333333333333333,1
"2018","Aznalcazar","Cistus crispus","A",7,0,0,0,7,7,1,42.3333333333333,0.0229266666666667,30.8,35,3,3,3.88888888888889,0.126262626262626,3
"2018","Aznalcazar","Cistus crispus","B",8,0,1,1,10,10,1,42.3333333333333,0.0211366666666667,61.8,19,2,3,3.16666666666667,0.0512405609492988,2
"2018","Aznalcazar","Cistus crispus","C",8,1,4,0,12,13,0.923076923076923,41,0.02321,26.3333333333333,8,3,3,0.888888888888889,0.0337552742616034,2
"2018","Aznalcazar","Cistus crispus","D",6,1,4,0,10,11,0.909090909090909,39,0.0201466666666667,38,14,1,3,4.66666666666667,0.12280701754386,3
"2019","Aznalcazar","Cistus crispus","A",4,0,0,0,4,4,1,43.6666666666667,0.01948,18,11,3,3,1.22222222222222,0.0679012345679012,3
"2019","Aznalcazar","Cistus crispus","B",1,1,0,0,1,2,0.5,24,0.00993,24,6,2,3,1,0.0416666666666667,2
"2019","Aznalcazar","Cistus crispus","C",3,4,1,0,4,8,0.5,46.5,0.018935,16.4,12,2,3,2,0.121951219512195,3
"2015","Aznalcazar","Cistus ladanifer","A",9,2,4,0,13,15,0.866666666666667,443.333333333333,0.10042,11,2,3,5,0.133333333333333,0.0121212121212121,2
"2015","Aznalcazar","Cistus ladanifer","B",9,0,7,0,16,16,1,662,0.17144,4.5,2,3,5,0.133333333333333,0.0296296296296296,2
"2016","Aznalcazar","Cistus ladanifer","A",1,0,2,0,3,3,1,356,0.1082,3.66666666666667,6,4,5,0.3,0.0818181818181818,3
"2016","Aznalcazar","Cistus ladanifer","B",2,1,1,0,3,4,0.75,258.666666666667,0.0738766666666667,8.66666666666667,2,3,5,0.133333333333333,0.0153846153846154,2
"2017","Aznalcazar","Cistus ladanifer","A",1,0,1,0,2,2,1,368.5,0.123055,2,4,2,3,0.666666666666667,0.333333333333333,2
"2017","Aznalcazar","Cistus ladanifer","B",3,0,0,0,3,3,1,299.666666666667,0.08143,6,3,1,3,1,0.166666666666667,1
"2018","Aznalcazar","Cistus ladanifer","A",3,0,0,0,3,3,1,788,0.174145,32.6666666666667,21,2,3,3.5,0.107142857142857,3
"2018","Aznalcazar","Cistus ladanifer","B",4,0,1,0,5,5,1,455,0.110395,12,8,1,3,2.66666666666667,0.222222222222222,2
"2018","Aznalcazar","Cistus ladanifer","D",3,0,1,0,4,4,1,398,0.08522,16,6,1,3,2,0.125,2
"2019","Aznalcazar","Cistus ladanifer","A",1,0,0,0,1,1,1,1031,0.30325,8,15,3,3,1.66666666666667,0.208333333333333,3
"2019","Aznalcazar","Cistus ladanifer","B",0,0,1,0,1,1,1,623,0.20557,9.5,10,3,3,1.11111111111111,0.116959064327485,3
"2019","Aznalcazar","Cistus ladanifer","C",2,0,0,0,2,2,1,905,0.20669,12.5,4,2,3,0.666666666666667,0.0533333333333333,2
"2019","Aznalcazar","Cistus monspeliensis","A",6,2,1,0,7,9,0.777777777777778,19,0.0267566666666667,70,14,2,3,2.33333333333333,0.0333333333333333,5
"2019","Aznalcazar","Cistus monspeliensis","B",4,6,2,0,6,12,0.5,19.3333333333333,0.0176166666666667,51,7,2,3,1.16666666666667,0.0228758169934641,4
"2019","Aznalcazar","Cistus monspeliensis","C",0,5,3,0,3,8,0.375,16.5,0.020525,11,1,1,3,0.333333333333333,0.0303030303030303,1
"2015","Aznalcazar","Cistus salviifolius","A",33,5,1,0,34,39,0.871794871794872,40.3333333333333,0.0464,5,1,3,5,0.0666666666666667,0.0133333333333333,1
"2015","Aznalcazar","Cistus salviifolius","C",20,4,7,4,31,35,0.885714285714286,12.1428571428571,0.0153642857142857,6,1,3,5,0.0666666666666667,0.0111111111111111,1
"2016","Aznalcazar","Cistus salviifolius","A",3,0,0,0,3,3,1,10.3333333333333,0.01523,5.8,10,5,5,0.4,0.0689655172413793,4
"2016","Aznalcazar","Cistus salviifolius","B",2,0,0,0,2,2,1,18.5,0.02859,4.5,4,5,5,0.16,0.0355555555555556,2
"2017","Aznalcazar","Cistus salviifolius","A",9,0,3,0,12,12,1,53.3333333333333,0.0607833333333333,16,4,2,3,0.666666666666667,0.0416666666666667,2
"2018","Aznalcazar","Cistus salviifolius","A",5,0,0,0,5,5,1,56.3333333333333,0.0613,46.5,13,2,3,2.16666666666667,0.046594982078853,3
"2018","Aznalcazar","Cistus salviifolius","B",3,0,1,0,4,4,1,33.6666666666667,0.0436833333333333,29,18,2,3,3,0.103448275862069,3
"2018","Aznalcazar","Cistus salviifolius","C",4,0,2,0,6,6,1,50,0.0670333333333333,59,10,1,3,3.33333333333333,0.0564971751412429,1
"2018","Aznalcazar","Cistus salviifolius","D",5,0,1,0,6,6,1,45,0.0429833333333333,70,3,1,3,1,0.0142857142857143,1
"2019","Aznalcazar","Cistus salviifolius","A",5,0,0,0,5,5,1,48.3333333333333,0.0645,24,4,2,3,0.666666666666667,0.0277777777777778,2
"2019","Aznalcazar","Cistus salviifolius","B",5,0,0,0,5,5,1,35.3333333333333,0.04557,62,4,1,3,1.33333333333333,0.021505376344086,1
"2019","Aznalcazar","Cistus salviifolius","C",5,0,0,0,5,5,1,44.3333333333333,0.0621633333333333,38,4,2,3,0.666666666666667,0.0175438596491228,2
"2015","Aznalcazar","Lavandula pedunculata","A",86,18,0,0,86,104,0.826923076923077,2,0.0005625,20.3333333333333,2,3,5,0.133333333333333,0.00655737704918033,2
"2015","Aznalcazar","Lavandula pedunculata","B",20,37,0,0,20,57,0.350877192982456,1.66666666666667,0.000426666666666667,31,2,3,5,0.133333333333333,0.0043010752688172,2
"2017","Aznalcazar","Lavandula pedunculata","A",43,37,87,0,130,167,0.778443113772455,1.66666666666667,0.000416666666666667,20,6,1,3,2,0.1,2
"2018","Aznalcazar","Lavandula pedunculata","A",58,59,7,0,65,124,0.524193548387097,2,0.0012,266.666666666667,26,2,3,4.33333333333333,0.01625,2
"2018","Aznalcazar","Lavandula pedunculata","B",79,35,2,0,81,116,0.698275862068966,2.33333333333333,0.00119333333333333,246.666666666667,15,3,3,1.66666666666667,0.00675675675675676,3
"2018","Aznalcazar","Lavandula pedunculata","C",91,21,5,0,96,117,0.82051282051282,3,0.00152333333333333,200,15,1,3,5,0.025,2
"2018","Aznalcazar","Lavandula pedunculata","D",94,29,0,0,94,123,0.764227642276423,1.66666666666667,0.00108333333333333,437.5,62,2,3,10.3333333333333,0.0236190476190476,3
"2019","Aznalcazar","Lavandula pedunculata","A",136,14,0,0,136,150,0.906666666666667,1.66666666666667,0.00107666666666667,237.5,13,3,3,1.44444444444444,0.00608187134502924,2
"2019","Aznalcazar","Lavandula pedunculata","B",124,13,0,0,124,137,0.905109489051095,1.66666666666667,0.00113,290,45,3,3,5,0.0172413793103448,2
"2019","Aznalcazar","Lavandula pedunculata","C",115,29,0,0,115,144,0.798611111111111,1.66666666666667,0.00117666666666667,188,36,3,3,4,0.0212765957446809,3
"2017","Aznalcazar","Lavandula stoechas","B",93,33,2,0,95,128,0.7421875,2.33333333333333,0.000226666666666667,50,10,1,3,3.33333333333333,0.0666666666666667,2
"2017","Aznalcazar","Teucrium fruticans","A",0,4,0,6,6,10,0.6,6,0.00261,32.2,6,4,3,0.5,0.015527950310559,2
"2017","Aznalcazar","Teucrium fruticans","C",19,12,7,0,26,38,0.684210526315789,1,0.00272,46.4,52,3,3,5.77777777777778,0.124521072796935,3
"2018","Bonares","Cistus crispus","A",10,1,0,0,10,11,0.909090909090909,42.3333333333333,0.0202533333333333,20.5,25,3,3,2.77777777777778,0.13550135501355,3
"2018","Bonares","Cistus crispus","B",2,0,3,0,5,5,1,29,0.01384,22.5,23,3,3,2.55555555555556,0.11358024691358,3
"2018","Bonares","Cistus crispus","C",4,0,0,0,4,4,1,36,0.0199166666666667,21.75,13,2,3,2.16666666666667,0.0996168582375479,3
"2018","Bonares","Cistus crispus","D",6,0,0,0,6,6,1,47.6666666666667,0.0251833333333333,22,2,1,3,0.666666666666667,0.0303030303030303,1
"2015","Bonares","Cistus ladanifer","A",7,1,3,0,10,11,0.909090909090909,287.666666666667,0.0795266666666667,11.3333333333333,2,4,5,0.1,0.00882352941176471,2
"2015","Bonares","Cistus ladanifer","B",11,0,3,0,14,14,1,213,0.050955,8.5,1,4,5,0.05,0.00588235294117647,1
"2015","Bonares","Cistus ladanifer","C",4,0,1,0,5,5,1,269.666666666667,0.06537,5.5,3,4,5,0.15,0.0272727272727273,1
"2018","Bonares","Cistus ladanifer","A",2,0,0,0,2,2,1,499.5,0.1312,12,2,1,3,0.666666666666667,0.0555555555555556,1
"2018","Bonares","Cistus ladanifer","B",2,0,0,0,2,2,1,515,0.13741,3,6,1,3,2,0.666666666666667,2
"2018","Bonares","Cistus ladanifer","C",1,0,2,0,3,3,1,505,0.134285,4,15,1,3,5,1.25,1
"2019","Bonares","Cistus ladanifer","A",0,0,1,0,1,1,1,247,0.04523,5,2,1,3,0.666666666666667,0.133333333333333,1
"2019","Bonares","Cistus ladanifer","B",1,0,0,0,1,1,1,655,0.12706,7,8,1,3,2.66666666666667,0.380952380952381,3
"2019","Bonares","Cistus ladanifer","C",1,0,0,0,1,1,1,611,0.13585,2,1,1,3,0.333333333333333,0.166666666666667,1
"2015","Bonares","Cistus salviifolius","A",11,2,0,0,11,13,0.846153846153846,60,0.0720366666666667,40,3,4,5,0.15,0.00375,2
"2015","Bonares","Cistus salviifolius","B",9,5,0,0,9,14,0.642857142857143,40.6,0.033884,29.6666666666667,3,4,5,0.15,0.0050561797752809,2
"2015","Bonares","Cistus salviifolius","C",7,0,1,0,8,8,1,57.6666666666667,0.0551433333333333,36,5,4,5,0.25,0.00694444444444444,4
"2016","Bonares","Cistus salviifolius","A",1,0,0,0,1,1,1,7,0.01433,7.5,1,2,5,0.1,0.0133333333333333,1
"2017","Bonares","Cistus salviifolius","A",6,0,2,0,8,8,1,46,0.0582533333333333,24.25,6,2,3,1,0.0412371134020619,5
"2017","Bonares","Cistus salviifolius","B",3,0,3,0,6,6,1,49,0.0598733333333333,27.6666666666667,3,2,3,0.5,0.0180722891566265,3
"2018","Bonares","Cistus salviifolius","A",0,0,1,0,1,1,1,45,0.03135,6,7,1,3,2.33333333333333,0.388888888888889,1
"2018","Bonares","Cistus salviifolius","B",3,0,1,0,4,4,1,54,0.05799,10,2,1,3,0.666666666666667,0.0666666666666667,1
"2018","Bonares","Cistus salviifolius","C",5,0,0,0,5,5,1,42.6666666666667,0.04926,20,6,2,3,1,0.05,2
"2018","Bonares","Cistus salviifolius","D",2,0,1,0,3,3,1,63,0.0539766666666667,15,4,1,3,1.33333333333333,0.0888888888888889,1
"2019","Bonares","Cistus salviifolius","A",3,0,1,0,4,4,1,25,0.0271266666666667,13,24,3,3,2.66666666666667,0.205128205128205,2
"2019","Bonares","Cistus salviifolius","B",1,0,0,1,2,2,1,43,0.0522,11.5714285714286,30,3,3,3.33333333333333,0.288065843621399,5
"2019","Bonares","Cistus salviifolius","C",3,0,0,0,3,3,1,48,0.0556166666666667,15.6666666666667,14,2,3,2.33333333333333,0.148936170212766,2
"2017","Bonares","Halimium calycinum","A",5,0,1,0,6,6,1,1.5,0.005355,6,1,1,3,0.333333333333333,0.0555555555555556,1
"2019","Bonares","Halimium calycinum","A",1,0,1,1,3,3,1,2,0.00236,38.75,8,2,3,1.33333333333333,0.0344086021505376,3
"2019","Bonares","Halimium calycinum","B",1,0,0,1,2,2,1,2,0.00786,54.6666666666667,11,3,3,1.22222222222222,0.0223577235772358,1
"2019","Bonares","Halimium calycinum","C",1,0,0,1,2,2,1,2,0.00826,105,3,1,3,1,0.00952380952380952,1
"2018","Bonares","Halimium halimifolium","A",2,0,0,0,2,2,1,11.5,0.007805,15,4,1,3,1.33333333333333,0.0888888888888889,1
"2018","Bonares","Halimium halimifolium","B",2,1,0,0,2,3,0.666666666666667,15.5,0.008245,27,7,1,3,2.33333333333333,0.0864197530864198,2
"2018","Bonares","Halimium halimifolium","C",5,2,0,0,5,7,0.714285714285714,11.3333333333333,0.00528333333333333,56.75,44,2,3,7.33333333333333,0.129221732745962,3
"2018","Bonares","Halimium halimifolium","D",2,0,0,0,2,2,1,8.5,0.00604,32,9,1,3,3,0.09375,3
"2019","Bonares","Halimium halimifolium","A",4,0,0,0,4,4,1,19,0.0137633333333333,59.75,13,3,3,1.44444444444444,0.0241748024174802,4
"2019","Bonares","Halimium halimifolium","C",4,0,0,0,4,4,1,20.3333333333333,0.01301,13,3,1,3,1,0.0769230769230769,1
"2017","Bonares","Lavandula pedunculata","A",129,47,2,0,131,178,0.735955056179775,2.33333333333333,0.000606666666666667,126.666666666667,24,3,3,2.66666666666667,0.0210526315789474,1
"2017","Bonares","Lavandula pedunculata","B",123,30,42,0,165,195,0.846153846153846,2.33333333333333,0.00066,266.666666666667,21,2,3,3.5,0.013125,2
"2015","Bonares","Lavandula stoechas","A",397,54,10,0,407,461,0.882863340563991,1.8,0.000638,197.2,33,5,5,1.32,0.00669371196754564,1
"2015","Bonares","Lavandula stoechas","B",353,82,15,0,368,450,0.817777777777778,2.4,0.000684,187.6,50,5,5,2,0.0106609808102345,2
"2015","Bonares","Lavandula stoechas","C",264,91,20,0,284,375,0.757333333333333,2.6,0.000534,144.5,0,2,5,0,0,0
"2016","Bonares","Lavandula stoechas","A",116,13,5,0,121,134,0.902985074626866,3,0.000583333333333333,102.833333333333,18,5,5,0.72,0.00700162074554295,3
"2016","Bonares","Lavandula stoechas","B",97,9,4,0,101,110,0.918181818181818,3,0.000516666666666667,50.6666666666667,18,5,5,0.72,0.0142105263157895,2
"2018","Convento_de_la_luz","Cistus crispus","A",3,4,0,0,3,7,0.428571428571429,42,0.0212333333333333,21.5,8,2,3,1.33333333333333,0.062015503875969,1
"2018","Convento_de_la_luz","Cistus crispus","B",5,5,2,0,7,12,0.583333333333333,36,0.0203966666666667,15.3333333333333,3,2,3,0.5,0.0326086956521739,3
"2015","Convento_de_la_luz","Cistus ladanifer","A",4,0,2,0,6,6,1,569.5,0.14401,21,16,5,5,0.64,0.0304761904761905,5
"2015","Convento_de_la_luz","Cistus ladanifer","B",4,4,3,0,7,11,0.636363636363636,107,0.03072,36.5,64,5,5,2.56,0.0701369863013699,1
"2016","Convento_de_la_luz","Cistus ladanifer","A",1,0,1,0,2,2,1,113,0.04297,11.5,5,5,5,0.2,0.0173913043478261,2
"2017","Convento_de_la_luz","Cistus ladanifer","A",3,0,0,0,3,3,1,700.666666666667,0.210983333333333,3.66666666666667,8,3,3,0.888888888888889,0.242424242424242,3
"2017","Convento_de_la_luz","Cistus ladanifer","B",3,0,1,0,4,4,1,329.333333333333,0.112026666666667,8,5,1,3,1.66666666666667,0.208333333333333,2
"2015","Convento_de_la_luz","Cistus salviifolius","B",3,0,1,0,4,4,1,40.4,0.039378,62.25,28,5,5,1.12,0.0179919678714859,4
"2016","Convento_de_la_luz","Cistus salviifolius","A",2,0,1,0,3,3,1,16.6666666666667,0.0224066666666667,1,0,5,5,0,0,0
"2017","Convento_de_la_luz","Cistus salviifolius","A",2,0,0,0,2,2,1,51,0.07006,29,4,2,3,0.666666666666667,0.0229885057471264,2
"2017","Convento_de_la_luz","Cistus salviifolius","B",4,0,0,0,4,4,1,56,0.0665366666666667,21,3,1,3,1,0.0476190476190476,1
"2016","Convento_de_la_luz","Halimium halimifolium","A",11,1,0,0,11,12,0.916666666666667,14.75,0.007675,7,0,2,5,0,0,0
"2016","Convento_de_la_luz","Halimium halimifolium","B",2,4,0,4,6,10,0.6,18.6666666666667,0.00667,26,0,2,5,0,0,0
"2017","Convento_de_la_luz","Halimium halimifolium","A",6,0,0,0,6,6,1,17.3333333333333,0.00861666666666667,5.33333333333333,3,2,3,0.5,0.09375,3
"2017","Convento_de_la_luz","Halimium halimifolium","B",10,0,0,0,10,10,1,16.6666666666667,0.00856,8,2,1,3,0.666666666666667,0.0833333333333333,1
"2018","Convento_de_la_luz","Halimium halimifolium","A",2,0,0,0,2,2,1,30.5,0.017745,61.3333333333333,31,4,3,2.58333333333333,0.0421195652173913,6
"2018","Convento_de_la_luz","Halimium halimifolium","B",4,2,0,0,4,6,0.666666666666667,27.6666666666667,0.0138866666666667,27.1666666666667,35,3,3,3.88888888888889,0.143149284253579,5
"2018","Convento_de_la_luz","Halimium halimifolium","C",2,2,0,0,2,4,0.5,24.5,0.013565,31,26,4,3,2.16666666666667,0.0698924731182796,6
"2018","Convento_de_la_luz","Halimium halimifolium","D",7,3,0,0,7,10,0.7,27.6666666666667,0.0142266666666667,22,1,1,3,0.333333333333333,0.0151515151515152,1
"2019","Convento_de_la_luz","Halimium halimifolium","A",4,2,1,0,5,7,0.714285714285714,12.3333333333333,0.00826333333333333,106.833333333333,22,3,3,2.44444444444444,0.0228809152366095,4
"2019","Convento_de_la_luz","Halimium halimifolium","B",4,1,0,0,4,5,0.8,5.66666666666667,0.0025,54.5714285714286,18,4,3,1.5,0.0274869109947644,5
"2019","Convento_de_la_luz","Halimium halimifolium","C",3,0,0,0,3,3,1,5.66666666666667,0.00313666666666667,64.6,9,3,3,1,0.0154798761609907,4
"2016","Convento_de_la_luz","Lavandula pedunculata","A",131,3,3,0,134,137,0.978102189781022,1.5,0.00059,57.6666666666667,14,4,5,0.7,0.0121387283236994,4
"2016","Convento_de_la_luz","Lavandula pedunculata","B",111,12,0,0,111,123,0.902439024390244,1.66666666666667,6e-04,60,0,4,5,0,0,0
"2015","Convento_de_la_luz","Lavandula stoechas","A",313,97,6,0,319,416,0.766826923076923,2.44444444444444,0.000498888888888889,69,0,1,5,0,0,0
"2015","Convento_de_la_luz","Salvia rosmarinus","A",38,10,0,36,74,84,0.880952380952381,1.5,0.00089,230,0,4,5,0,0,0
"2015","Convento_de_la_luz","Salvia rosmarinus","B",83,13,0,72,155,168,0.922619047619048,2,0.000575,70,36,4,5,1.8,0.0257142857142857,1
"2017","Convento_de_la_luz","Teucrium fruticans","B",5,0,5,0,10,10,1,1.66666666666667,0.00351,62.5,9,2,3,1.5,0.024,4
"2018","El_pozo","Cistus crispus","A",8,2,0,0,8,10,0.8,18.6666666666667,0.01021,20,14,4,3,1.16666666666667,0.0583333333333333,4
"2018","El_pozo","Cistus crispus","B",5,2,0,0,5,7,0.714285714285714,27.6666666666667,0.0153466666666667,34.25,16,3,3,1.77777777777778,0.0519059205190592,4
"2018","El_pozo","Cistus crispus","C",5,0,0,0,5,5,1,31.3333333333333,0.01452,48,3,2,3,0.5,0.0104166666666667,3
"2019","El_pozo","Cistus crispus","A",1,2,3,0,4,6,0.666666666666667,26,0.01241,23.5,8,2,3,1.33333333333333,0.0567375886524823,1
"2019","El_pozo","Cistus crispus","B",8,1,0,0,8,9,0.888888888888889,39.3333333333333,0.01489,22,3,1,3,1,0.0454545454545455,1
"2019","El_pozo","Cistus crispus","C",3,1,0,0,3,4,0.75,26,0.00949666666666667,26,3,1,3,1,0.0384615384615385,2
"2016","El_pozo","Cistus ladanifer","A",0,0,1,0,1,1,1,175,0.04105,4.33333333333333,2,6,5,0.0666666666666667,0.0153846153846154,2
"2016","El_pozo","Cistus ladanifer","B",0,0,1,0,1,1,1,57,0.00275,1,1,6,5,0.0333333333333333,0.0333333333333333,1
"2016","El_pozo","Cistus salviifolius","A",2,0,1,0,3,3,1,32,0.0297233333333333,3.66666666666667,3,3,5,0.2,0.0545454545454545,1
"2016","El_pozo","Cistus salviifolius","B",1,0,1,0,2,2,1,23,0.02597,3,2,3,5,0.133333333333333,0.0444444444444444,2
"2016","El_pozo","Halimium halimifolium","A",5,0,0,0,5,5,1,13.3333333333333,0.00509,1,0,3,5,0,0,0
"2018","El_pozo","Halimium halimifolium","A",4,0,0,0,4,4,1,16.3333333333333,0.00731333333333333,76,2,2,3,0.333333333333333,0.0043859649122807,2
"2018","El_pozo","Halimium halimifolium","B",3,2,1,0,4,6,0.666666666666667,16.6666666666667,0.00970333333333333,14,4,3,3,0.444444444444444,0.0317460317460317,2
"2018","El_pozo","Halimium halimifolium","C",1,2,1,0,2,4,0.5,6,0.003385,19,2,2,3,0.333333333333333,0.0175438596491228,2
"2019","El_pozo","Lavandula pedunculata","A",61,52,16,0,77,129,0.596899224806202,2.66666666666667,0.00198666666666667,50,8,1,3,2.66666666666667,0.0533333333333333,2
"2019","El_pozo","Lavandula pedunculata","B",104,28,3,4,111,139,0.798561151079137,2.66666666666667,0.00211,200,3,1,3,1,0.005,1
"2019","El_pozo","Lavandula pedunculata","C",102,24,6,0,108,132,0.818181818181818,3.33333333333333,0.00216,100,15,1,3,5,0.05,3
"2015","El_pozo","Salvia rosmarinus","B",62,13,0,37,99,112,0.883928571428571,3.4,0.000362,93,3,3,5,0.2,0.0021505376344086,2
"2017","Esparragal","Cistus crispus","B",2,3,0,0,2,5,0.4,36,0.020005,20,1,1,3,0.333333333333333,0.0166666666666667,1
"2018","Esparragal","Cistus crispus","A",3,0,1,1,5,5,1,12,0.006625,19.7142857142857,23,4,3,1.91666666666667,0.0972222222222222,4
"2018","Esparragal","Cistus crispus","B",2,2,1,0,3,5,0.6,26.5,0.01352,15,15,3,3,1.66666666666667,0.111111111111111,4
"2018","Esparragal","Cistus crispus","C",3,1,0,0,3,4,0.75,26,0.00679333333333333,18.6,18,4,3,1.5,0.0806451612903226,3
"2018","Esparragal","Cistus crispus","D",3,0,1,3,7,7,1,32,0.01609,65,22,2,3,3.66666666666667,0.0564102564102564,4
"2019","Esparragal","Cistus crispus","A",3,2,0,0,3,5,0.6,31.5,0.014825,91.8571428571429,25,3,3,2.77777777777778,0.0302401935372386,5
"2019","Esparragal","Cistus crispus","B",2,1,0,0,2,3,0.666666666666667,27,0.01271,78.3333333333333,16,2,3,2.66666666666667,0.0340425531914894,5
"2019","Esparragal","Cistus crispus","C",6,1,0,0,6,7,0.857142857142857,32.6666666666667,0.0218633333333333,55.4,18,2,3,3,0.0541516245487365,5
"2015","Esparragal","Cistus salviifolius","A",9,3,2,3,14,17,0.823529411764706,11.75,0.0137475,10,6,4,5,0.3,0.03,4
"2017","Esparragal","Cistus salviifolius","A",3,0,1,0,4,4,1,56.6666666666667,0.06867,11,2,1,3,0.666666666666667,0.0606060606060606,1
"2018","Esparragal","Cistus salviifolius","A",2,0,1,0,3,3,1,31,0.041205,8,1,1,3,0.333333333333333,0.0416666666666667,1
"2018","Esparragal","Cistus salviifolius","B",2,0,2,0,4,4,1,25.3333333333333,0.0267733333333333,12,2,1,3,0.666666666666667,0.0555555555555556,1
"2019","Esparragal","Cistus salviifolius","A",1,0,1,0,2,2,1,46.5,0.049695,22.25,15,2,3,2.5,0.112359550561798,3
"2019","Esparragal","Cistus salviifolius","B",3,0,2,0,5,5,1,57,0.0649133333333333,63.5,2,1,3,0.666666666666667,0.010498687664042,2
"2019","Esparragal","Cistus salviifolius","C",3,0,1,0,4,4,1,53,0.0554033333333333,23,2,2,3,0.333333333333333,0.0144927536231884,2
"2016","Esparragal","Halimium calycinum","A",2,0,0,1,3,3,1,3.5,0.01413,25,2,3,5,0.133333333333333,0.00533333333333333,2
"2017","Esparragal","Halimium calycinum","A",5,0,0,0,5,5,1,3.66666666666667,0.00365,17.5,1,2,3,0.166666666666667,0.00952380952380952,1
"2017","Esparragal","Halimium calycinum","B",7,0,0,1,8,8,1,2.66666666666667,0.00307333333333333,5,11,1,3,3.66666666666667,0.733333333333333,2
"2019","Esparragal","Halimium calycinum","C",1,0,3,0,4,4,1,1,0.00471,11,2,1,3,0.666666666666667,0.0606060606060606,2
"2016","Esparragal","Halimium halimifolium","A",6,1,0,0,6,7,0.857142857142857,21.3333333333333,0.00299,7.5,5,2,5,0.5,0.0666666666666667,2
"2016","Esparragal","Halimium halimifolium","B",6,0,0,0,6,6,1,25,0.0107866666666667,28,2,3,5,0.133333333333333,0.00476190476190476,1
"2018","Esparragal","Halimium halimifolium","A",4,0,0,0,4,4,1,32.6666666666667,0.0126366666666667,48.4,23,3,3,2.55555555555556,0.0528007346189164,2
"2018","Esparragal","Halimium halimifolium","B",4,0,0,0,4,4,1,18.3333333333333,0.00879,58.2,29,2,3,4.83333333333333,0.0830469644902635,2
"2018","Esparragal","Halimium halimifolium","C",4,0,0,0,4,4,1,28,0.0145566666666667,22.5,5,3,3,0.555555555555556,0.0246913580246914,4
"2018","Esparragal","Halimium halimifolium","D",4,0,0,0,4,4,1,5.33333333333333,0.00411666666666667,95,15,1,3,5,0.0526315789473684,1
"2019","Esparragal","Halimium halimifolium","A",3,2,0,0,3,5,0.6,20,0.010425,129.571428571429,23,4,3,1.91666666666667,0.0147923557515619,3
"2019","Esparragal","Halimium halimifolium","B",4,1,0,0,4,5,0.8,20.5,0.005135,50.1428571428571,12,3,3,1.33333333333333,0.0265906932573599,4
"2019","Esparragal","Halimium halimifolium","C",2,3,0,0,2,5,0.4,29.6666666666667,0.00522666666666667,42,7,3,3,0.777777777777778,0.0185185185185185,2
"2015","Esparragal","Lavandula pedunculata","A",359,73,31,0,390,463,0.842332613390929,1.28571428571429,0.00051,29.5,1,4,5,0.05,0.00169491525423729,1
"2015","Esparragal","Lavandula pedunculata","B",258,81,45,48,351,432,0.8125,1.22222222222222,0.000181111111111111,15,0,4,5,0,0,0
"2019","Esparragal","Lavandula pedunculata","A",76,34,30,0,106,140,0.757142857142857,1,0.00053,75,8,2,3,1.33333333333333,0.0177777777777778,1
"2019","Esparragal","Lavandula pedunculata","C",51,12,6,0,57,69,0.826086956521739,2.66666666666667,0.00116,250,5,1,3,1.66666666666667,0.00666666666666667,1
"2016","Esparragal","Lavandula stoechas","A",95,6,4,0,99,105,0.942857142857143,1,0.000585,21,1,3,5,0.0666666666666667,0.00317460317460317,1
"2016","Esparragal","Lavandula stoechas","B",46,6,16,0,62,68,0.911764705882353,1,0.000483333333333333,54,2,1,5,0.4,0.00740740740740741,1
"2015","La_cunya","Cistus salviifolius","A",10,0,0,6,16,16,1,3.25,0.0043,10,6,3,5,0.4,0.04,2
"2015","La_cunya","Cistus salviifolius","B",19,1,7,8,34,35,0.971428571428571,22,0.0231075,9,8,3,5,0.533333333333333,0.0592592592592593,8
"2017","La_cunya","Cistus salviifolius","A",5,0,1,0,6,6,1,66.6666666666667,0.07218,17,1,1,3,0.333333333333333,0.0196078431372549,1
"2019","La_cunya","Cistus salviifolius","A",0,0,1,0,1,1,1,42,0.04977,4,5,2,3,0.833333333333333,0.208333333333333,2
"2019","La_cunya","Cistus salviifolius","B",2,0,1,0,3,3,1,38.3333333333333,0.03543,15,3,1,3,1,0.0666666666666667,1
"2015","La_cunya","Lavandula pedunculata","A",271,93,56,0,327,420,0.778571428571429,2.5,0.000655,31.6666666666667,2,3,5,0.133333333333333,0.00421052631578947,1
"2015","La_cunya","Lavandula pedunculata","B",198,52,0,0,198,250,0.792,3.4,0.000536,67,2,3,5,0.133333333333333,0.00199004975124378,2
"2016","La_cunya","Lavandula pedunculata","A",75,18,24,0,99,117,0.846153846153846,2,0.000105,110,14,4,5,0.7,0.00636363636363636,1
"2018","La_cunya","Lavandula pedunculata","A",82,22,38,0,120,142,0.845070422535211,2.33333333333333,0.00125666666666667,50,1,1,3,0.333333333333333,0.00666666666666667,1
"2019","La_cunya","Lavandula pedunculata","A",117,10,2,0,119,129,0.922480620155039,2,0.00105,157.5,18,3,3,2,0.0126984126984127,2
"2019","La_cunya","Lavandula pedunculata","B",57,14,8,0,65,79,0.822784810126582,2.33333333333333,0.00113666666666667,125,12,2,3,2,0.016,1
"2019","La_cunya","Lavandula pedunculata","C",72,15,3,0,75,90,0.833333333333333,3,0.00134,100,14,2,3,2.33333333333333,0.0233333333333333,2
"2015","La_cunya","Salvia rosmarinus","A",45,27,19,5,69,96,0.71875,3.66666666666667,0.000511666666666667,31,2,4,5,0.1,0.0032258064516129,2
"2015","La_cunya","Salvia rosmarinus","B",26,26,4,8,38,64,0.59375,2.5,0.000541666666666667,54,1,4,5,0.05,0.000925925925925926,1
"2018","La_rocina","Cistus libanotis","B",3,0,0,0,3,3,1,21,0.02092,74,19,1,3,6.33333333333333,0.0855855855855856,4
"2018","La_rocina","Cistus libanotis","C",3,0,0,0,3,3,1,6,0.00607666666666667,23,15,1,3,5,0.217391304347826,4
"2019","La_rocina","Cistus libanotis","A",3,0,0,0,3,3,1,10.6666666666667,0.01221,58.75,10,3,3,1.11111111111111,0.0189125295508274,3
"2019","La_rocina","Cistus libanotis","B",4,0,0,0,4,4,1,14.3333333333333,0.01079,52,14,2,3,2.33333333333333,0.0448717948717949,3
"2019","La_rocina","Cistus libanotis","C",5,0,0,0,5,5,1,18.6666666666667,0.0151266666666667,35,6,1,3,2,0.0571428571428571,1
"2015","La_rocina","Halimium calycinum","A",9,7,0,2,11,18,0.611111111111111,1.33333333333333,0.00179,21.1428571428571,12,6,5,0.4,0.0189189189189189,3
"2018","La_rocina","Halimium halimifolium","A",4,0,0,0,4,4,1,19.5,0.007455,65.5,12,2,3,2,0.0305343511450382,2
"2018","La_rocina","Lavandula pedunculata","A",97,19,30,0,127,146,0.86986301369863,2.66666666666667,0.00164,540,16,3,3,1.77777777777778,0.00329218106995885,1
"2018","La_rocina","Lavandula pedunculata","B",82,17,33,0,115,132,0.871212121212121,2,0.00150666666666667,470,13,3,3,1.44444444444444,0.00307328605200946,2
"2018","La_rocina","Lavandula pedunculata","C",99,26,35,0,134,160,0.8375,3,0.00117666666666667,737.142857142857,39,3,3,4.33333333333333,0.00587855297157623,5
"2018","La_rocina","Lavandula pedunculata","D",87,49,88,0,175,224,0.78125,2,0.00134666666666667,4000,47,1,3,15.6666666666667,0.00391666666666667,3
"2015","La_rocina","Salvia rosmarinus","A",39,7,0,26,65,72,0.902777777777778,2,0.00062,57,2,6,5,0.0666666666666667,0.00116959064327485,1
"2015","Niebla","Asphodelus fistulosus","A",50,20,12,0,62,82,0.75609756097561,2.85714285714286,0.0205257142857143,48,0,4,5,0,0,0
"2015","Niebla","Asphodelus fistulosus","B",67,4,57,0,124,128,0.96875,3.28571428571429,0.0165142857142857,5.66666666666667,2,4,5,0.1,0.0176470588235294,2
"2016","Niebla","Cistus crispus","A",4,1,0,0,4,5,0.8,39.3333333333333,0.0205166666666667,10,5,2,5,0.5,0.05,2
"2017","Niebla","Cistus crispus","A",5,2,0,0,5,7,0.714285714285714,38.3333333333333,0.0211333333333333,19,6,2,3,1,0.0526315789473684,2
"2017","Niebla","Cistus crispus","B",2,5,0,0,2,7,0.285714285714286,12,0.00592,10,1,1,3,0.333333333333333,0.0333333333333333,1
"2018","Niebla","Cistus crispus","A",2,0,1,1,4,4,1,36,0.01774,31.25,17,3,3,1.88888888888889,0.0604444444444444,3
"2018","Niebla","Cistus crispus","B",4,2,0,0,4,6,0.666666666666667,34.6666666666667,0.01649,24.3333333333333,15,2,3,2.5,0.102739726027397,2
"2018","Niebla","Cistus crispus","C",4,1,0,0,4,5,0.8,38.6666666666667,0.02363,24,5,2,3,0.833333333333333,0.0347222222222222,2
"2018","Niebla","Cistus crispus","D",3,2,0,0,3,5,0.6,39,0.02723,26,5,1,3,1.66666666666667,0.0641025641025641,2
"2019","Niebla","Cistus crispus","C",2,1,2,0,4,5,0.8,42,0.013655,13,9,2,3,1.5,0.115384615384615,3
"2015","Niebla","Cistus ladanifer","B",15,2,14,0,29,31,0.935483870967742,179,0.05577,11,10,4,5,0.5,0.0454545454545455,6
"2015","Niebla","Cistus ladanifer","C",3,0,2,0,5,5,1,733,0.22324,8,1,4,5,0.05,0.00625,1
"2016","Niebla","Cistus ladanifer","A",1,0,0,0,1,1,1,195,0.04808,10,3,2,5,0.3,0.03,2
"2018","Niebla","Cistus ladanifer","A",1,0,2,0,3,3,1,408,0.111595,12,4,1,3,1.33333333333333,0.111111111111111,1
"2018","Niebla","Cistus ladanifer","B",1,0,0,0,1,1,1,334,0.09403,6,8,1,3,2.66666666666667,0.444444444444444,2
"2018","Niebla","Cistus ladanifer","C",2,0,0,0,2,2,1,606.5,0.154005,27,19,1,3,6.33333333333333,0.234567901234568,2
"2019","Niebla","Cistus ladanifer","A",1,0,0,0,1,1,1,425,0.10473,14,11,2,3,1.83333333333333,0.130952380952381,3
"2019","Niebla","Cistus ladanifer","B",0,0,2,0,2,2,1,339,0.06885,5,4,1,3,1.33333333333333,0.266666666666667,2
"2019","Niebla","Cistus monspeliensis","A",5,1,0,0,5,6,0.833333333333333,10.3333333333333,0.0110033333333333,200,1,1,3,0.333333333333333,0.00166666666666667,1
"2019","Niebla","Cistus monspeliensis","C",3,0,1,0,4,4,1,9,0.0101733333333333,35,2,1,3,0.666666666666667,0.019047619047619,2
"2016","Niebla","Lavandula pedunculata","A",100,17,0,0,100,117,0.854700854700855,2,0.00066,97,6,2,5,0.6,0.00618556701030928,3
"2016","Niebla","Lavandula pedunculata","B",99,20,0,0,99,119,0.831932773109244,1.66666666666667,0.000546666666666667,20.3333333333333,2,2,5,0.2,0.00983606557377049,1
"2018","Niebla","Lavandula pedunculata","A",79,21,49,0,128,149,0.859060402684564,1.33333333333333,9e-04,85,6,3,3,0.666666666666667,0.00784313725490196,3
"2018","Niebla","Lavandula pedunculata","B",78,44,3,0,81,125,0.648,2.33333333333333,0.00140666666666667,107.5,14,4,3,1.16666666666667,0.0108527131782946,5
"2018","Niebla","Lavandula pedunculata","C",93,8,4,0,97,105,0.923809523809524,2,0.00091,57.3333333333333,8,2,3,1.33333333333333,0.0232558139534884,3
"2018","Niebla","Lavandula pedunculata","D",153,17,2,0,155,172,0.901162790697674,1,0.000863333333333333,100,7,1,3,2.33333333333333,0.0233333333333333,1
"2019","Niebla","Lavandula pedunculata","A",94,16,0,0,94,110,0.854545454545454,2,0.000376666666666667,116.666666666667,14,2,3,2.33333333333333,0.02,3
"2019","Niebla","Lavandula pedunculata","B",108,19,0,0,108,127,0.850393700787402,1.66666666666667,0.00129333333333333,225,16,2,3,2.66666666666667,0.0118518518518519,3
"2019","Niebla","Lavandula pedunculata","C",73,24,0,0,73,97,0.752577319587629,1.66666666666667,0.00112333333333333,200,6,1,3,2,0.01,3
"2017","Niebla","Lavandula stoechas","A",92,41,2,0,94,135,0.696296296296296,3,9e-04,100,1,1,3,0.333333333333333,0.00333333333333333,1
"2017","Niebla","Lavandula stoechas","B",44,38,0,0,44,82,0.536585365853659,2.66666666666667,0.00063,150,5,1,3,1.66666666666667,0.0111111111111111,2
"2018","Niebla","Lavandula stoechas","A",102,3,0,0,102,105,0.971428571428571,1,0.00059,550,1,1,3,0.333333333333333,0.000606060606060606,1
"2018","Niebla","Lavandula stoechas","B",85,2,0,0,85,87,0.977011494252874,1,0.000543333333333333,280,3,1,3,1,0.00357142857142857,1
"2018","Pinares_de_hinojos","Cistus libanotis","A",5,0,0,0,5,5,1,14,0.0123566666666667,29,13,3,3,1.44444444444444,0.0498084291187739,6
"2018","Pinares_de_hinojos","Cistus libanotis","B",3,0,0,0,3,3,1,8,0.02306,44,12,3,3,1.33333333333333,0.0303030303030303,4
"2018","Pinares_de_hinojos","Cistus libanotis","C",6,0,0,0,6,6,1,17.3333333333333,0.01544,32.25,14,3,3,1.55555555555556,0.0482342807924203,4
"2018","Pinares_de_hinojos","Cistus libanotis","D",5,0,1,0,6,6,1,15.6666666666667,0.0133266666666667,12,6,1,3,2,0.166666666666667,1
"2019","Pinares_de_hinojos","Cistus libanotis","A",6,0,0,0,6,6,1,19.3333333333333,0.0100366666666667,33,10,1,3,3.33333333333333,0.101010101010101,3
"2019","Pinares_de_hinojos","Cistus libanotis","B",6,0,0,0,6,6,1,18,0.0121966666666667,69,10,1,3,3.33333333333333,0.0483091787439614,2
"2019","Pinares_de_hinojos","Cistus libanotis","C",6,1,0,0,6,7,0.857142857142857,15,0.0123733333333333,83,15,1,3,5,0.0602409638554217,4
"2015","Pinares_de_hinojos","Cistus salviifolius","A",12,3,0,8,20,23,0.869565217391304,37.5,0.053585,8.66666666666667,2,3,5,0.133333333333333,0.0153846153846154,2
"2015","Pinares_de_hinojos","Cistus salviifolius","B",13,0,0,2,15,15,1,31.6,0.036584,12,11,4,5,0.55,0.0458333333333333,3
"2016","Pinares_de_hinojos","Cistus salviifolius","A",2,0,0,0,2,2,1,38.5,0.047415,16,3,2,5,0.3,0.01875,1
"2016","Pinares_de_hinojos","Cistus salviifolius","B",2,0,0,0,2,2,1,24,0.026485,21,0,2,5,0,0,0
"2018","Pinares_de_hinojos","Cistus salviifolius","A",2,0,1,0,3,3,1,23.5,0.034745,12,4,1,3,1.33333333333333,0.111111111111111,1
"2018","Pinares_de_hinojos","Cistus salviifolius","B",2,0,1,0,3,3,1,23,0.03458,10,3,1,3,1,0.1,1
"2017","Pinares_de_hinojos","Halimium halimifolium","B",9,0,0,0,9,9,1,33,0.01264,2,1,1,3,0.333333333333333,0.166666666666667,1
"2018","Pinares_de_hinojos","Halimium halimifolium","A",4,3,1,0,5,8,0.625,41.3333333333333,0.01804,13,5,3,3,0.555555555555556,0.0427350427350427,1
"2018","Pinares_de_hinojos","Halimium halimifolium","B",2,3,0,0,2,5,0.4,35,0.01393,26.5,7,2,3,1.16666666666667,0.0440251572327044,4
"2018","Pinares_de_hinojos","Halimium halimifolium","C",5,2,2,0,7,9,0.777777777777778,19.3333333333333,0.00918,18.8333333333333,9,2,3,1.5,0.079646017699115,5
"2018","Pinares_de_hinojos","Halimium halimifolium","D",2,2,0,0,2,4,0.5,18.5,0.00847,33,1,1,3,0.333333333333333,0.0101010101010101,1
"2015","Pino_del_cuervo","Asphodelus fistulosus","A",18,47,4,0,22,69,0.318840579710145,6,0.0120308571428571,16,5,2,5,0.5,0.03125,4
"2015","Pino_del_cuervo","Asphodelus fistulosus","B",3,36,0,0,3,39,0.0769230769230769,6,0,20.25,6,2,5,0.6,0.0296296296296296,4
"2016","Pino_del_cuervo","Cistus crispus","A",6,0,2,0,8,8,1,21.6666666666667,0.0121833333333333,6.5,6,2,5,0.6,0.0923076923076923,2
"2016","Pino_del_cuervo","Cistus crispus","B",6,4,0,0,6,10,0.6,36.3333333333333,0.0168666666666667,6,6,2,5,0.6,0.1,2
"2018","Pino_del_cuervo","Cistus crispus","A",8,0,1,0,9,9,1,44,0.0241666666666667,22.25,19,4,3,1.58333333333333,0.0711610486891386,3
"2018","Pino_del_cuervo","Cistus crispus","B",5,2,0,0,5,7,0.714285714285714,29.6666666666667,0.0144866666666667,11,5,2,3,0.833333333333333,0.0757575757575758,2
"2018","Pino_del_cuervo","Cistus crispus","C",3,1,0,1,4,5,0.8,43.6666666666667,0.0229733333333333,4,2,1,3,0.666666666666667,0.166666666666667,1
"2018","Pino_del_cuervo","Cistus crispus","D",2,0,1,0,3,3,1,40.3333333333333,0.0177333333333333,12,2,1,3,0.666666666666667,0.0555555555555556,1
"2019","Pino_del_cuervo","Cistus crispus","B",3,4,4,0,7,11,0.636363636363636,35.6666666666667,0.0121,28,25,2,3,4.16666666666667,0.148809523809524,1
"2019","Pino_del_cuervo","Cistus crispus","C",5,1,0,0,5,6,0.833333333333333,27,0.0114166666666667,22.8888888888889,40,3,3,4.44444444444444,0.194174757281553,5
"2015","Pino_del_cuervo","Cistus ladanifer","A",9,1,2,0,11,12,0.916666666666667,348.2,0.114244,2,1,6,5,0.0333333333333333,0.0166666666666667,1
"2015","Pino_del_cuervo","Cistus ladanifer","B",10,0,6,0,16,16,1,360.666666666667,0.131103333333333,4,3,6,5,0.1,0.025,3
"2015","Pino_del_cuervo","Cistus ladanifer","C",8,1,2,1,11,12,0.916666666666667,308,0.113835,2,1,6,5,0.0333333333333333,0.0166666666666667,1
"2016","Pino_del_cuervo","Cistus ladanifer","A",1,0,0,0,1,1,1,929,0.27028,1.33333333333333,1,5,5,0.04,0.03,1
"2016","Pino_del_cuervo","Cistus ladanifer","B",0,0,1,0,1,1,1,352,0.13131,2.25,0,5,5,0,0,0
"2017","Pino_del_cuervo","Cistus ladanifer","A",1,0,1,0,2,2,1,481.5,0.141975,2.5,2,2,3,0.333333333333333,0.133333333333333,2
"2017","Pino_del_cuervo","Cistus ladanifer","B",3,0,2,0,5,5,1,601.5,0.22492,1,2,1,3,0.666666666666667,0.666666666666667,2
"2019","Pino_del_cuervo","Cistus ladanifer","A",2,0,0,0,2,2,1,295.5,0.11339,21,5,1,3,1.66666666666667,0.0793650793650794,1
"2019","Pino_del_cuervo","Cistus ladanifer","B",2,0,0,0,2,2,1,213.5,0.094445,23,1,1,3,0.333333333333333,0.0144927536231884,1
"2016","Pino_del_cuervo","Cistus salviifolius","A",0,0,1,0,1,1,1,15,0.01065,3,1,3,5,0.0666666666666667,0.0222222222222222,1
"2017","Pino_del_cuervo","Cistus salviifolius","A",2,1,3,0,5,6,0.833333333333333,52,0.050335,10.5,2,2,3,0.333333333333333,0.0317460317460317,2
"2015","Pino_del_cuervo","Halimium calycinum","A",5,2,0,4,9,11,0.818181818181818,4,0.00366,24.5,2,5,5,0.08,0.00326530612244898,2
"2015","Pino_del_cuervo","Halimium calycinum","B",6,8,0,1,7,15,0.466666666666667,3.33333333333333,0.00306833333333333,11,1,5,5,0.04,0.00363636363636364,1
"2018","Pino_del_cuervo","Halimium halimifolium","A",2,0,0,0,2,2,1,24.5,0.01579,14,6,1,3,2,0.142857142857143,2
"2018","Pino_del_cuervo","Halimium halimifolium","B",2,1,0,0,2,3,0.666666666666667,14,0.00244,16,3,1,3,1,0.0625,1
"2018","Pino_del_cuervo","Halimium halimifolium","C",4,0,0,0,4,4,1,26,0.0146333333333333,97,9,1,3,3,0.0309278350515464,2
"2016","Pino_del_cuervo","Lavandula stoechas","A",125,6,16,0,141,147,0.959183673469388,3.5,0.000415,82.3333333333333,3,4,5,0.15,0.00182186234817814,1
"2016","Pino_del_cuervo","Lavandula stoechas","B",87,10,11,0,98,108,0.907407407407407,2.33333333333333,0.00073,12,25,3,5,1.66666666666667,0.138888888888889,1
"2018","Pino_del_cuervo","Lavandula stoechas","B",41,17,29,0,70,87,0.804597701149425,2.33333333333333,0.00117,620,5,1,3,1.66666666666667,0.00268817204301075,1
"2017","Urbanizaciones","Cistus crispus","A",1,2,2,0,3,5,0.6,24,0.012935,20,3,1,3,1,0.05,2
"2017","Urbanizaciones","Cistus crispus","B",3,1,1,0,4,5,0.8,28,0.0127966666666667,13.75,6,3,3,0.666666666666667,0.0484848484848485,3
"2018","Urbanizaciones","Cistus crispus","A",7,0,0,0,7,7,1,31.6666666666667,0.01852,23.4285714285714,38,4,3,3.16666666666667,0.135162601626016,5
"2018","Urbanizaciones","Cistus crispus","B",0,7,2,0,2,9,0.222222222222222,19,0.00982,29.6,51,4,3,4.25,0.143581081081081,7
"2018","Urbanizaciones","Cistus crispus","C",5,4,0,0,5,9,0.555555555555556,16.3333333333333,0.0103733333333333,32.5714285714286,50,3,3,5.55555555555556,0.17056530214425,4
"2019","Urbanizaciones","Cistus crispus","A",3,4,0,0,3,7,0.428571428571429,20,0.00486,90,14,1,3,4.66666666666667,0.0518518518518519,2
"2015","Urbanizaciones","Cistus salviifolius","A",5,2,1,0,6,8,0.75,48.5,0.04298,8,10,3,5,0.666666666666667,0.0833333333333333,1
"2015","Urbanizaciones","Cistus salviifolius","B",18,0,3,2,23,23,1,46,0.05639,6.5,1,3,5,0.0666666666666667,0.0102564102564103,1
"2016","Urbanizaciones","Cistus salviifolius","A",2,0,1,0,3,3,1,44,0.04506,9,1,2,5,0.1,0.0111111111111111,1
"2018","Urbanizaciones","Cistus salviifolius","A",4,0,0,0,4,4,1,45,0.0546233333333333,19,5,1,3,1.66666666666667,0.087719298245614,2
"2018","Urbanizaciones","Cistus salviifolius","C",1,0,0,0,1,1,1,51,0.054785,2,1,1,3,0.333333333333333,0.166666666666667,1
"2018","Urbanizaciones","Cistus salviifolius","D",4,0,0,0,4,4,1,32.5,0.03641,4,1,1,3,0.333333333333333,0.0833333333333333,1
"2019","Urbanizaciones","Cistus salviifolius","A",0,0,3,0,3,3,1,34.6666666666667,0.0297933333333333,12,3,1,3,1,0.0833333333333333,1
"2019","Urbanizaciones","Cistus salviifolius","B",3,0,0,0,3,3,1,42,0.0397866666666667,5,1,1,3,0.333333333333333,0.0666666666666667,1
"2019","Urbanizaciones","Cistus salviifolius","C",1,0,1,0,2,2,1,37.5,0.03894,16,7,1,3,2.33333333333333,0.145833333333333,3
"2015","Urbanizaciones","Halimium calycinum","A",7,5,0,1,8,13,0.615384615384615,2.85714285714286,0.00244571428571429,46.5,1,4,5,0.05,0.0010752688172043,1
"2016","Urbanizaciones","Halimium calycinum","A",0,0,0,1,1,1,1,3,0.00175,17,1,3,5,0.0666666666666667,0.00392156862745098,0
"2019","Urbanizaciones","Halimium calycinum","A",4,0,0,0,4,4,1,3,0.0123966666666667,18,2,1,3,0.666666666666667,0.037037037037037,1
"2019","Urbanizaciones","Halimium calycinum","B",3,0,1,0,4,4,1,1.66666666666667,0.00713,18,1,1,3,0.333333333333333,0.0185185185185185,1
"2019","Urbanizaciones","Halimium calycinum","C",4,0,1,0,5,5,1,3,0.0131466666666667,32,3,1,3,1,0.03125,1
"2018","Urbanizaciones","Halimium halimifolium","A",2,1,0,0,2,3,0.666666666666667,23.5,0.05513,66,4,2,3,0.666666666666667,0.0101010101010101,2
"2018","Urbanizaciones","Halimium halimifolium","B",4,0,0,0,4,4,1,12.3333333333333,0.00811,9.5,5,2,3,0.833333333333333,0.087719298245614,2
"2018","Urbanizaciones","Halimium halimifolium","C",4,1,1,0,5,6,0.833333333333333,30.3333333333333,0.0154833333333333,21,1,1,3,0.333333333333333,0.0158730158730159,1
"2019","Urbanizaciones","Halimium halimifolium","B",4,0,0,0,4,4,1,12.3333333333333,0.00653666666666667,176.2,11,2,3,1.83333333333333,0.0104048429814605,4
"2019","Urbanizaciones","Halimium halimifolium","C",4,1,0,0,4,5,0.8,3.66666666666667,0.00173333333333333,74,9,2,3,1.5,0.0202702702702703,3
"2016","Urbanizaciones","Lavandula pedunculata","A",67,6,3,0,70,76,0.921052631578947,3.5,0.000525,83.5,18,3,5,1.2,0.0143712574850299,4
"2018","Urbanizaciones","Lavandula pedunculata","A",95,29,9,0,104,133,0.781954887218045,2,0.00123,456.666666666667,26,3,3,2.88888888888889,0.00632603406326034,1
"2018","Urbanizaciones","Lavandula pedunculata","B",147,12,0,0,147,159,0.924528301886792,3,0.00131333333333333,885,43,3,3,4.77777777777778,0.00539861895794099,4
"2018","Urbanizaciones","Lavandula pedunculata","D",86,28,70,0,156,184,0.847826086956522,3.33333333333333,0.00176666666666667,300,14,1,3,4.66666666666667,0.0155555555555556,2
"2019","Urbanizaciones","Lavandula pedunculata","A",87,14,28,0,115,129,0.891472868217054,2,0.00098,76.6666666666667,16,2,3,2.66666666666667,0.0347826086956522,2
"2019","Urbanizaciones","Lavandula pedunculata","B",42,26,47,0,89,115,0.773913043478261,3.33333333333333,0.00178333333333333,150,17,1,3,5.66666666666667,0.0377777777777778,1
"2019","Urbanizaciones","Lavandula pedunculata","C",25,17,51,0,76,93,0.817204301075269,2.66666666666667,0.00181333333333333,75,10,2,3,1.66666666666667,0.0222222222222222,1
"2015","Urbanizaciones","Lavandula stoechas","A",360,131,32,0,392,523,0.749521988527725,1.6,0.000446,51.3333333333333,9,4,5,0.45,0.00876623376623377,5
"2015","Urbanizaciones","Lavandula stoechas","B",370,128,7,0,377,505,0.746534653465347,2,0.000682,39,2,3,5,0.133333333333333,0.00341880341880342,2
"2016","Urbanizaciones","Lavandula stoechas","B",123,5,3,0,126,131,0.961832061068702,1.33333333333333,0.000383333333333333,34,5,2,5,0.5,0.0147058823529412,2
"2015","Urbanizaciones","Salvia rosmarinus","A",52,2,0,46,98,100,0.98,2,0.0009875,10,2,4,5,0.1,0.01,2
"2015","Urbanizaciones","Salvia rosmarinus","B",83,5,0,67,150,155,0.967741935483871,2.33333333333333,0.00065,10,2,4,5,0.1,0.01,2
"2015","Urbanizaciones","Salvia rosmarinus","C",75,26,0,73,148,174,0.850574712643678,2.5,0.000295,3,2,4,5,0.1,0.0333333333333333,2
"2016","Villamanrique_este","Cistus crispus","A",4,0,0,0,4,4,1,46,0.022775,5,14,3,5,0.933333333333333,0.186666666666667,5
"2017","Villamanrique_este","Cistus crispus","A",3,1,1,0,4,5,0.8,32,0.0161233333333333,18,4,1,3,1.33333333333333,0.0740740740740741,2
"2017","Villamanrique_este","Cistus crispus","B",2,0,0,2,4,4,1,34.3333333333333,0.0160966666666667,15,2,1,3,0.666666666666667,0.0444444444444444,2
"2018","Villamanrique_este","Cistus crispus","A",8,1,0,0,8,9,0.888888888888889,43,0.02419,23,20,1,3,6.66666666666667,0.289855072463768,2
"2018","Villamanrique_este","Cistus crispus","B",6,2,1,0,7,9,0.777777777777778,35.3333333333333,0.0201533333333333,17.5,26,2,3,4.33333333333333,0.247619047619048,2
"2018","Villamanrique_este","Cistus crispus","C",10,0,0,0,10,10,1,32,0.01966,20.4,12,2,3,2,0.0980392156862745,2
"2019","Villamanrique_este","Cistus crispus","A",6,1,0,0,6,7,0.857142857142857,34.6666666666667,0.01916,27.6666666666667,22,4,3,1.83333333333333,0.0662650602409638,3
"2019","Villamanrique_este","Cistus crispus","B",2,1,2,1,5,6,0.833333333333333,41,0.02462,52.4,20,2,3,3.33333333333333,0.0636132315521628,4
"2019","Villamanrique_este","Cistus crispus","C",3,2,0,0,3,5,0.6,31.6666666666667,0.0176866666666667,56.5555555555556,39,3,3,4.33333333333333,0.0766208251473477,3
"2016","Villamanrique_este","Cistus ladanifer","A",2,0,1,2,5,5,1,347.25,0.0925525,0.666666666666667,3,5,5,0.12,0.18,3
"2019","Villamanrique_este","Cistus ladanifer","B",1,0,0,0,1,1,1,899,0.23037,12,24,2,3,4,0.333333333333333,1
"2015","Villamanrique_este","Cistus salviifolius","A",6,3,0,0,6,9,0.666666666666667,33.5,0.0379683333333333,2.66666666666667,6,4,5,0.3,0.1125,3
"2016","Villamanrique_este","Cistus salviifolius","A",3,0,1,0,4,4,1,36.75,0.0338575,2.5,6,3,5,0.4,0.16,4
"2017","Villamanrique_este","Cistus salviifolius","A",1,0,2,0,3,3,1,30,0.0402533333333333,11,11,2,3,1.83333333333333,0.166666666666667,2
"2017","Villamanrique_este","Cistus salviifolius","B",2,0,1,0,3,3,1,62,0.07578,8.5,3,2,3,0.5,0.0588235294117647,2
"2017","Villamanrique_sur","Cistus crispus","A",6,1,1,0,7,8,0.875,47.6666666666667,0.0268266666666667,16.5,5,2,3,0.833333333333333,0.0505050505050505,2
"2017","Villamanrique_sur","Cistus crispus","B",3,0,2,1,6,6,1,36,0.0221266666666667,15,15,1,3,5,0.333333333333333,1
"2018","Villamanrique_sur","Cistus crispus","A",5,0,0,0,5,5,1,31.6666666666667,0.01734,31.5,23,2,3,3.83333333333333,0.121693121693122,4
"2018","Villamanrique_sur","Cistus crispus","B",5,1,0,0,5,6,0.833333333333333,31,0.01748,19.8,26,3,3,2.88888888888889,0.145903479236813,4
"2018","Villamanrique_sur","Cistus crispus","C",6,2,0,0,6,8,0.75,35.6666666666667,0.0184066666666667,12.8333333333333,24,3,3,2.66666666666667,0.207792207792208,5
"2018","Villamanrique_sur","Cistus crispus","D",2,1,5,0,7,8,0.875,34.5,0.02021,24.5,24,2,3,4,0.163265306122449,4
"2019","Villamanrique_sur","Cistus crispus","B",3,1,0,0,3,4,0.75,21.5,0.011115,37.4,15,3,3,1.66666666666667,0.0445632798573975,4
"2019","Villamanrique_sur","Cistus crispus","C",7,0,0,0,7,7,1,41,0.0194533333333333,22.5,18,2,3,3,0.133333333333333,4
"2015","Villamanrique_sur","Cistus ladanifer","A",3,3,1,0,4,7,0.571428571428571,495.5,0.155755,2.5,2,4,5,0.1,0.04,1
"2015","Villamanrique_sur","Cistus ladanifer","B",2,3,1,0,3,6,0.5,368,0.116565,5,4,4,5,0.2,0.04,1
"2016","Villamanrique_sur","Cistus ladanifer","A",3,0,0,0,3,3,1,316,0.114933333333333,1.8,3,5,5,0.12,0.0666666666666667,3
"2016","Villamanrique_sur","Cistus ladanifer","B",2,0,1,0,3,3,1,211.333333333333,0.0729833333333333,3.6,8,5,5,0.32,0.0888888888888889,2
"2019","Villamanrique_sur","Cistus ladanifer","B",1,0,1,0,2,2,1,681.5,0.159565,11,3,1,3,1,0.0909090909090909,1
"2019","Villamanrique_sur","Cistus ladanifer","C",1,0,0,0,1,1,1,1060,0.26571,9,4,1,3,1.33333333333333,0.148148148148148,1
"2016","Villamanrique_sur","Cistus salviifolius","A",0,0,2,0,2,2,1,10.5,0.01584,5.5,9,3,5,0.6,0.109090909090909,1
"2016","Villamanrique_sur","Cistus salviifolius","B",2,0,0,0,2,2,1,13.5,0.0218,3,1,3,5,0.0666666666666667,0.0222222222222222,1
"2019","Villamanrique_sur","Halimium calycinum","A",4,0,0,0,4,4,1,3.33333333333333,0.01337,32.6666666666667,4,3,3,0.444444444444444,0.0136054421768707,2
"2019","Villamanrique_sur","Halimium calycinum","B",3,0,0,0,3,3,1,3.66666666666667,0.01454,29,12,4,3,1,0.0344827586206897,3
"2019","Villamanrique_sur","Halimium calycinum","C",6,0,0,0,6,6,1,2,0.00760333333333333,24,23,3,3,2.55555555555556,0.106481481481481,3
"2017","Villamanrique_sur","Lavandula pedunculata","A",88,42,0,0,88,130,0.676923076923077,1.33333333333333,0.00057,50,11,1,3,3.66666666666667,0.0733333333333333,2
"2015","Villamanrique_sur","Lavandula stoechas","A",108,15,6,0,114,129,0.883720930232558,2.33333333333333,0.000613333333333333,47.25,15,3,5,1,0.0211640211640212,3
"2015","Villamanrique_sur","Lavandula stoechas","B",311,61,2,0,313,374,0.836898395721925,0.8,0.000874,27,16,3,5,1.06666666666667,0.0395061728395062,1
