"","Year","Site_ID","Plant_sp","plant_id","richness08","richness","Coleop_freq","Coleop_visit","Dip_freq","Dip_visit","Hym_freq","Hym_visit","flower_abundance","Frequency","visitatio_rate","Fruit_proportion","Fruit_Yes","Fruit_No","Fruit_Total","Seeds","Seed_weight"
"1",2015,"Aznalcazar","Asphodelus fistulosus","A",0,1,0,0,0,0,1,0.25,4,1,0.25,1,23,0,23,0,0
"2",2015,"Aznalcazar","Asphodelus fistulosus","B",1,1,0,0,0,0,1,0.037037037037037,27,1,0.037037037037037,0.576797385620915,23,16,39,1.33333333333333,0.00732833333333333
"3",2015,"Aznalcazar","Asphodelus fistulosus","C",1,1,0,0,0,0,1,0.0769230769230769,13,1,0.0769230769230769,0.866071428571429,40,6,46,1.38095238095238,0.00834904761904762
"4",2017,"Aznalcazar","Asphodelus fistulosus","A",2,2,0,0,1,0.0285714285714286,2,0.0571428571428571,35,3,0.0857142857142857,1,15,0,15,2.3,0.022531
"5",2017,"Aznalcazar","Asphodelus fistulosus","B",2,2,0,0,0,0,6,0.15,40,6,0.15,0.375,6,2,8,2,0.0116645454545455
"6",2017,"Aznalcazar","Asphodelus fistulosus","C",1,1,0,0,0,0,1,0.2,5,1,0.2,0.5,6,1,7,2.18181818181818,0.02078
"7",2018,"Aznalcazar","Asphodelus fistulosus","A",2,2,0,0,0,0,13,0.433333333333333,30,13,0.433333333333333,0.923076923076923,12,1,13,1.66666666666667,0.01362
"8",2018,"Aznalcazar","Asphodelus fistulosus","B",2,2,0,0,0,0,8,0.181818181818182,44,8,0.181818181818182,1,9,0,9,1.33333333333333,0.0193533333333333
"9",2018,"Aznalcazar","Asphodelus fistulosus","C",1,1,0,0,0,0,17,0.607142857142857,28,17,0.607142857142857,1,9,0,9,1,0.0116266666666667
"10",2018,"Aznalcazar","Asphodelus fistulosus","D",1,1,0,0,0,0,7,0.28,25,7,0.28,0.882352941176471,15,2,17,1.33333333333333,0.0148333333333333
"11",2018,"Aznalcazar","Asphodelus fistulosus","E",1,1,0,0,0,0,3,0.3,10,3,0.3,0,0,0,0,0,0
"12",2015,"Aznalcazar","Cistus crispus","A",2,2,0,0,0,0,2,0.142857142857143,14,2,0.142857142857143,0,0,0,0,0,0
"13",2015,"Aznalcazar","Cistus crispus","B",1,2,0,0,0,0,2,0.222222222222222,9,2,0.222222222222222,0,0,0,0,0,0
"14",2016,"Aznalcazar","Cistus crispus","A",1,1,0,0,0,0,1,0.0909090909090909,11,1,0.0909090909090909,0,0,0,0,0,0
"15",2016,"Aznalcazar","Cistus crispus","B",1,1,0,0,0,0,1,0.125,8,1,0.125,0,0,0,0,0,0
"16",2017,"Aznalcazar","Cistus crispus","A",1,1,0,0,0,0,1,0.0909090909090909,11,1,0.0909090909090909,1,5,0,5,47.6666666666667,0.0207533333333333
"17",2017,"Aznalcazar","Cistus crispus","B",1,1,1,0.1,0,0,0,0,10,1,0.1,1,6,0,6,36,0.0186333333333333
"18",2018,"Aznalcazar","Cistus crispus","A",3,3,0,0,0,0,35,0.227272727272727,154,35,0.227272727272727,1,7,0,7,42.3333333333333,0.0229266666666667
"19",2018,"Aznalcazar","Cistus crispus","B",2,2,0,0,0,0,19,0.0614886731391586,309,19,0.0614886731391586,1,8,0,8,42.3333333333333,0.0211366666666667
"20",2018,"Aznalcazar","Cistus crispus","C",2,2,0,0,0,0,8,0.10126582278481,79,8,0.10126582278481,0.888888888888889,8,1,9,41,0.02321
"21",2018,"Aznalcazar","Cistus crispus","D",3,3,0,0,0,0,14,0.12280701754386,114,14,0.12280701754386,0.857142857142857,6,1,7,39,0.0201466666666667
"22",2015,"Aznalcazar","Cistus ladanifer","A",1,2,1,0.0454545454545455,0,0,1,0.0454545454545455,22,2,0.0909090909090909,0.62962962962963,9,2,11,443.333333333333,0.10042
"23",2015,"Aznalcazar","Cistus ladanifer","B",2,2,0,0,0,0,1,0.111111111111111,9,1,0.111111111111111,1,9,0,9,662,0.17144
"24",2015,"Aznalcazar","Cistus ladanifer","C",1,1,0,0,0,0,1,0.333333333333333,3,1,0.333333333333333,0,0,0,0,0,0
"25",2016,"Aznalcazar","Cistus ladanifer","A",2,3,1,0.0666666666666667,0,0,5,0.333333333333333,15,6,0.4,1,1,0,1,356,0.1082
"26",2016,"Aznalcazar","Cistus ladanifer","B",1,2,0,0,0,0,0,0,24,0,0,0.666666666666667,2,1,3,258.666666666667,0.0738766666666667
"27",2017,"Aznalcazar","Cistus ladanifer","A",2,2,3,0.75,0,0,1,0.25,4,4,1,1,1,0,1,368.5,0.123055
"28",2017,"Aznalcazar","Cistus ladanifer","B",1,1,0,0,0,0,3,0.5,6,3,0.5,1,3,0,3,299.666666666667,0.08143
"29",2018,"Aznalcazar","Cistus ladanifer","A",3,3,3,0.0306122448979592,0,0,18,0.183673469387755,98,21,0.214285714285714,1,3,0,3,788,0.174145
"30",2018,"Aznalcazar","Cistus ladanifer","B",2,2,6,0.25,0,0,2,0.0833333333333333,24,8,0.333333333333333,1,4,0,4,455,0.110395
"31",2018,"Aznalcazar","Cistus ladanifer","C",0,0,0,0,0,0,0,0,0,0,0,0,0,0,0,537.5,0.16215
"32",2018,"Aznalcazar","Cistus ladanifer","D",2,2,0,0,0,0,6,0.1875,32,6,0.1875,1,3,0,3,398,0.08522
"33",2015,"Aznalcazar","Cistus salviifolius","A",1,1,0,0,0,0,1,0.142857142857143,7,1,0.142857142857143,0.314285714285714,33,5,38,40.3333333333333,0.0464
"34",2015,"Aznalcazar","Cistus salviifolius","B",0,0,0,0,0,0,0,0,0,0,0,1,4,0,4,0,0
"35",2015,"Aznalcazar","Cistus salviifolius","C",1,1,0,0,0,0,1,0.166666666666667,6,1,0.166666666666667,0.733333333333333,20,4,24,42.5,0.053775
"36",2016,"Aznalcazar","Cistus salviifolius","A",4,4,0,0,2,0.0689655172413793,7,0.241379310344828,29,9,0.310344827586207,1,3,0,3,10.3333333333333,0.01523
"37",2016,"Aznalcazar","Cistus salviifolius","B",1,2,0,0,0,0,4,0.285714285714286,14,4,0.285714285714286,1,2,0,2,18.5,0.02859
"38",2016,"Aznalcazar","Cistus salviifolius","C",0,0,0,0,0,0,0,0,0,0,0,0.666666666666667,2,1,3,56.5,0.068065
"39",2017,"Aznalcazar","Cistus salviifolius","A",2,2,2,0.0416666666666667,2,0.0416666666666667,0,0,48,4,0.0833333333333333,1,9,0,9,56.6666666666667,0.0639933333333333
"40",2017,"Aznalcazar","Cistus salviifolius","B",0,0,0,0,0,0,0,0,0,0,0,1,7,0,7,50,0.0575733333333333
"41",2018,"Aznalcazar","Cistus salviifolius","A",3,3,5,0.0268817204301075,0,0,8,0.043010752688172,186,13,0.0698924731182796,1,5,0,5,56.3333333333333,0.0613
"42",2018,"Aznalcazar","Cistus salviifolius","B",3,3,8,0.0919540229885057,0,0,10,0.114942528735632,87,18,0.206896551724138,1,3,0,3,33.6666666666667,0.0436833333333333
"43",2018,"Aznalcazar","Cistus salviifolius","C",1,1,0,0,0,0,10,0.169491525423729,59,10,0.169491525423729,1,4,0,4,50,0.0670333333333333
"44",2018,"Aznalcazar","Cistus salviifolius","D",1,1,0,0,0,0,3,0.0428571428571429,70,3,0.0428571428571429,1,5,0,5,45,0.0429833333333333
"45",2015,"Aznalcazar","Halimium commutatum","A",1,1,0,0,0,0,1,0.25,4,1,0.25,0,0,0,0,0,0
"46",2015,"Aznalcazar","Lavandula pedunculata","A",0,0,0,0,0,0,0,0,0,0,0,0.275641025641026,86,18,104,1,0.000455
"47",2015,"Aznalcazar","Lavandula pedunculata","B",0,0,0,0,0,0,0,0,0,0,0,0.116959064327485,20,37,57,1,0.000482
"48",2015,"Aznalcazar","Lavandula pedunculata","C",0,0,0,0,0,0,0,0,0,0,0,0.41947188066922,138,65,203,0,0
"49",2016,"Aznalcazar","Lavandula pedunculata","A",0,0,0,0,0,0,0,0,0,0,0,0.911290322580645,113,11,124,1,0.0004975
"50",2016,"Aznalcazar","Lavandula pedunculata","B",0,0,0,0,0,0,0,0,0,0,0,1,81,0,81,1,0.000604
"51",2017,"Aznalcazar","Lavandula pedunculata","A",2,2,0,0,0,0,6,0.15,40,6,0.15,0.557482394366197,125,97,222,1,0.000578333333333333
"52",2017,"Aznalcazar","Lavandula pedunculata","B",0,0,0,0,0,0,0,0,0,0,0,0.811196379378198,200,47,247,1,0.000499375
"53",2018,"Aznalcazar","Lavandula pedunculata","A",2,2,0,0,0,0,26,0.0325,800,26,0.0325,0.495726495726496,58,59,117,2,0.0012
"54",2018,"Aznalcazar","Lavandula pedunculata","B",3,3,0,0,3,0.00405405405405405,12,0.0162162162162162,740,15,0.0202702702702703,0.692982456140351,79,35,114,2.33333333333333,0.00119333333333333
"55",2018,"Aznalcazar","Lavandula pedunculata","C",2,2,0,0,0,0,15,0.0375,400,15,0.0375,0.8125,91,21,112,3,0.00152333333333333
"56",2018,"Aznalcazar","Lavandula pedunculata","D",3,3,0,0,0,0,62,0.0354285714285714,1750,62,0.0354285714285714,0.764227642276423,94,29,123,1.66666666666667,0.00108333333333333
"57",2015,"Aznalcazar","Lavandula stoechas","A",2,2,0,0,0,0,2,0.0476190476190476,42,2,0.0476190476190476,0,0,0,0,0,0
"58",2015,"Aznalcazar","Lavandula stoechas","B",2,2,0,0,0,0,2,0.025,80,2,0.025,0,0,0,0,0,0
"59",2015,"Aznalcazar","Lavandula stoechas","C",2,2,0,0,0,0,4,0.0533333333333333,75,4,0.0533333333333333,0,0,0,0,0,0
"60",2017,"Aznalcazar","Lavandula stoechas","B",2,2,0,0,0,0,10,0.1,100,10,0.1,0,0,0,0,0,0
"61",2016,"Aznalcazar","Rosmarinus officinalis","A",1,1,0,0,0,0,1,0.25,4,1,0.25,0,0,0,0,0,0
"62",2016,"Aznalcazar","Rosmarinus officinalis","B",2,2,0,0,0,0,8,0.02,400,8,0.02,0,0,0,0,0,0
"63",2017,"Aznalcazar","Rosmarinus officinalis","A",1,1,0,0,0,0,41,0.0745454545454545,550,41,0.0745454545454545,0,0,20,20,0,0
"64",2017,"Aznalcazar","Rosmarinus officinalis","B",2,2,0,0,1,0.00125,168,0.21,800,169,0.21125,0,0,41,41,1,0.000488888888888889
"65",2017,"Aznalcazar","Rosmarinus officinalis","C",1,1,0,0,0,0,16,0.106666666666667,150,16,0.106666666666667,0,0,46,46,1,0.000493333333333333
"66",2018,"Aznalcazar","Rosmarinus officinalis","A",1,1,0,0,0,0,36,0.0553846153846154,650,36,0.0553846153846154,0,0,0,0,0,0
"67",2018,"Aznalcazar","Rosmarinus officinalis","B",2,2,0,0,0,0,92,0.0702290076335878,1310,92,0.0702290076335878,0,0,0,0,0,0
"68",2018,"Aznalcazar","Rosmarinus officinalis","C",2,2,0,0,2,0.00253164556962025,52,0.0658227848101266,790,54,0.0683544303797468,0,0,0,0,0,0
"69",2018,"Aznalcazar","Rosmarinus officinalis","D",1,1,0,0,0,0,75,0.09375,800,75,0.09375,0,0,0,0,0,0
"70",2018,"Aznalcazar","Rosmarinus officinalis","E",2,2,0,0,0,0,37,0.105714285714286,350,37,0.105714285714286,0,0,0,0,0,0
"71",2015,"Bonares","Cistus crispus","A",0,0,0,0,0,0,0,0,0,0,0,0.590151515151515,17,12,29,27,0.015318
"72",2015,"Bonares","Cistus crispus","B",0,0,0,0,0,0,0,0,0,0,0,0.555555555555556,9,7,16,25.375,0.00688875
"73",2016,"Bonares","Cistus crispus","A",0,0,0,0,0,0,0,0,0,0,0,0.8,8,2,10,27.3333333333333,0.0147466666666667
"74",2016,"Bonares","Cistus crispus","B",0,0,0,0,0,0,0,0,0,0,0,0.428571428571429,3,4,7,22.6666666666667,0.01291
"75",2017,"Bonares","Cistus crispus","A",0,0,0,0,0,0,0,0,0,0,0,0.5,2,2,4,13,0.00899
"76",2017,"Bonares","Cistus crispus","B",0,0,0,0,0,0,0,0,0,0,0,0,0,3,3,0,0
"77",2018,"Bonares","Cistus crispus","A",3,3,0,0,0,0,25,0.304878048780488,82,25,0.304878048780488,0.909090909090909,10,1,11,42.3333333333333,0.0202533333333333
"78",2018,"Bonares","Cistus crispus","B",3,3,1,0.00740740740740741,0,0,22,0.162962962962963,135,23,0.17037037037037,1,2,0,2,29,0.01384
"79",2018,"Bonares","Cistus crispus","C",3,3,0,0,0,0,13,0.149425287356322,87,13,0.149425287356322,1,4,0,4,36,0.0199166666666667
"80",2018,"Bonares","Cistus crispus","D",1,1,0,0,0,0,2,0.0909090909090909,22,2,0.0909090909090909,1,6,0,6,47.6666666666667,0.0251833333333333
"81",2015,"Bonares","Cistus ladanifer","A",2,2,0,0,0,0,2,0.0666666666666667,30,2,0.0666666666666667,0.888888888888889,7,1,8,287.666666666667,0.0795266666666667
"82",2015,"Bonares","Cistus ladanifer","B",1,1,0,0,0,0,1,0.0833333333333333,12,1,0.0833333333333333,1,11,0,11,213,0.050955
"83",2015,"Bonares","Cistus ladanifer","C",1,1,0,0,0,0,3,0.272727272727273,11,3,0.272727272727273,1,4,0,4,269.666666666667,0.06537
"84",2015,"Bonares","Cistus ladanifer","D",0,0,0,0,0,0,0,0,0,0,0,1,11,0,11,267.5,0.070365
"85",2016,"Bonares","Cistus ladanifer","A",0,0,0,0,0,0,0,0,0,0,0,0,0,0,0,68,0.01848
"86",2017,"Bonares","Cistus ladanifer","A",0,0,0,0,0,0,0,0,0,0,0,1,3,0,3,494.333333333333,0.11553
"87",2017,"Bonares","Cistus ladanifer","B",0,0,0,0,0,0,0,0,0,0,0,1,2,0,2,519.5,0.16719
"88",2018,"Bonares","Cistus ladanifer","A",1,1,2,0.166666666666667,0,0,0,0,12,2,0.166666666666667,1,2,0,2,499.5,0.1312
"89",2018,"Bonares","Cistus ladanifer","B",2,2,3,0.5,0,0,3,0.5,6,6,1,1,2,0,2,515,0.13741
"90",2018,"Bonares","Cistus ladanifer","C",1,1,15,3.75,0,0,0,0,4,15,3.75,1,1,0,1,505,0.134285
"91",2018,"Bonares","Cistus ladanifer","D",0,0,0,0,0,0,0,0,0,0,0,1,2,0,2,454,0.128155
"92",2015,"Bonares","Cistus salviifolius","A",2,2,0,0,1,0.0151515151515152,2,0.0303030303030303,66,3,0.0454545454545455,0.925925925925926,11,2,13,60,0.0720366666666667
"93",2015,"Bonares","Cistus salviifolius","B",2,2,0,0,0,0,3,0.0337078651685393,89,3,0.0337078651685393,0.761904761904762,9,5,14,40.6,0.033884
"94",2015,"Bonares","Cistus salviifolius","C",4,4,1,0.00490196078431373,0,0,3,0.0147058823529412,204,4,0.0196078431372549,1,7,0,7,57.6666666666667,0.0551433333333333
"95",2016,"Bonares","Cistus salviifolius","A",0,1,0,0,0,0,1,0.1,10,1,0.1,1,1,0,1,7,0.01433
"96",2016,"Bonares","Cistus salviifolius","B",0,0,0,0,0,0,0,0,0,0,0,1,1,0,1,32,0.03795
"97",2017,"Bonares","Cistus salviifolius","A",4,4,0,0,0,0,5,0.0515463917525773,97,5,0.0515463917525773,1,6,0,6,46,0.0582533333333333
"98",2017,"Bonares","Cistus salviifolius","B",3,3,1,0.0120481927710843,1,0.0120481927710843,1,0.0120481927710843,83,3,0.036144578313253,1,3,0,3,49,0.0598733333333333
"99",2018,"Bonares","Cistus salviifolius","A",1,1,7,1.16666666666667,0,0,0,0,6,7,1.16666666666667,0,0,0,0,45,0.03135
"100",2018,"Bonares","Cistus salviifolius","B",1,1,2,0.2,0,0,0,0,10,2,0.2,1,3,0,3,54,0.05799
"101",2018,"Bonares","Cistus salviifolius","C",2,2,3,0.075,0,0,3,0.075,40,6,0.15,1,5,0,5,42.6666666666667,0.04926
"102",2018,"Bonares","Cistus salviifolius","D",1,1,0,0,0,0,4,0.266666666666667,15,4,0.266666666666667,1,2,0,2,63,0.0539766666666667
"103",2018,"Bonares","Cistus salviifolius","E",1,1,0,0,0,0,3,0.2,15,3,0.2,0,0,0,0,0,0
"104",2015,"Bonares","Halimium commutatum","A",0,0,0,0,0,0,0,0,0,0,0,0,0,10,10,0,0
"105",2015,"Bonares","Halimium commutatum","B",0,0,0,0,0,0,0,0,0,0,0,0.0833333333333333,2,12,14,0,0
"106",2015,"Bonares","Halimium commutatum","C",2,2,0,0,0,0,2,0.0075187969924812,266,2,0.0075187969924812,0,0,0,0,0,0
"107",2016,"Bonares","Halimium commutatum","A",2,4,1,0.0263157894736842,1,0.0263157894736842,1,0.0263157894736842,38,3,0.0789473684210526,1,2,0,2,1,0.00325666666666667
"108",2016,"Bonares","Halimium commutatum","B",1,1,2,0.105263157894737,0,0,0,0,19,2,0.105263157894737,0,0,0,0,0,0
"109",2017,"Bonares","Halimium commutatum","A",1,1,0,0,1,0.166666666666667,0,0,6,1,0.166666666666667,1,5,0,5,1,0.00545333333333333
"110",2017,"Bonares","Halimium commutatum","B",0,0,0,0,0,0,0,0,0,0,0,1,6,0,6,1.8,0.007274
"111",2018,"Bonares","Halimium commutatum","A",1,1,0,0,0,0,13,0.183098591549296,71,13,0.183098591549296,0,0,0,0,0,0
"112",2018,"Bonares","Halimium commutatum","B",4,4,0,0,3,0.029126213592233,28,0.271844660194175,103,31,0.300970873786408,0,0,0,0,0,0
"113",2018,"Bonares","Halimium commutatum","D",1,1,0,0,0,0,3,0.333333333333333,9,3,0.333333333333333,0,0,0,0,0,0
"114",2018,"Bonares","Halimium commutatum","E",1,1,0,0,0,0,23,0.511111111111111,45,23,0.511111111111111,0,0,0,0,0,0
"115",2016,"Bonares","Halimium halimifolium","A",1,1,1,0.142857142857143,0,0,0,0,7,1,0.142857142857143,0,0,0,0,0,0
"116",2018,"Bonares","Halimium halimifolium","A",0,1,0,0,0,0,4,0.266666666666667,15,4,0.266666666666667,1,2,0,2,11.5,0.007805
"117",2018,"Bonares","Halimium halimifolium","B",2,2,1,0.0185185185185185,0,0,6,0.111111111111111,54,7,0.12962962962963,0.666666666666667,2,1,3,15.5,0.008245
"118",2018,"Bonares","Halimium halimifolium","C",3,3,5,0.0220264317180617,0,0,39,0.171806167400881,227,44,0.193832599118943,0.714285714285714,5,2,7,11.3333333333333,0.00528333333333333
"119",2018,"Bonares","Halimium halimifolium","D",3,3,0,0,1,0.0104166666666667,8,0.0833333333333333,96,9,0.09375,1,2,0,2,8.5,0.00604
"120",2017,"Bonares","Lavandula pedunculata","A",0,0,0,0,0,0,0,0,0,0,0,0.732954545454545,129,47,176,1,0.000585714285714286
"121",2017,"Bonares","Lavandula pedunculata","B",0,0,0,0,0,0,0,0,0,0,0,0.803921568627451,123,30,153,1,0.000735714285714286
"122",2015,"Bonares","Lavandula stoechas","A",1,1,0,0,0,0,33,0.0679012345679012,486,33,0.0679012345679012,0.879205046449378,397,54,451,1,0.000637777777777778
"123",2015,"Bonares","Lavandula stoechas","B",2,2,0,0,0,0,50,0.0550660792951542,908,50,0.0550660792951542,0.798204398094175,353,82,435,1,0.000678333333333333
"124",2015,"Bonares","Lavandula stoechas","C",0,0,0,0,0,0,0,0,0,0,0,0.736299536568822,264,91,355,1,0.000551538461538462
"125",2016,"Bonares","Lavandula stoechas","A",2,2,0,0,10,0.0303030303030303,5,0.0151515151515152,330,15,0.0454545454545455,0.89922480620155,116,13,129,1,0.000537777777777778
"126",2016,"Bonares","Lavandula stoechas","B",2,2,0,0,3,0.0272727272727273,15,0.136363636363636,110,18,0.163636363636364,0.915094339622642,97,9,106,1,0.00045
"127",2017,"Bonares","Lavandula stoechas","A",1,1,0,0,0,0,24,0.0631578947368421,380,24,0.0631578947368421,0,0,0,0,0,0
"128",2017,"Bonares","Lavandula stoechas","B",2,2,0,0,0,0,21,0.02625,800,21,0.02625,0,0,0,0,0,0
"129",2018,"Bonares","Lavandula stoechas","A",1,1,0,0,12,0.0171428571428571,0,0,700,12,0.0171428571428571,0,0,0,0,0,0
"130",2015,"Convento de la Luz","Cistus crispus","A",1,1,0,0,0,0,1,0.0384615384615385,26,1,0.0384615384615385,0,0,0,0,0,0
"131",2017,"Convento de la Luz","Cistus crispus","B",0,0,0,0,0,0,0,0,0,0,0,0.55,5,4,9,29.5,0.015565
"132",2018,"Convento de la Luz","Cistus crispus","A",1,1,0,0,0,0,8,0.186046511627907,43,8,0.186046511627907,0.428571428571429,3,4,7,42,0.0212333333333333
"133",2018,"Convento de la Luz","Cistus crispus","B",3,3,1,0.0217391304347826,0,0,2,0.0434782608695652,46,3,0.0652173913043478,0.5,5,5,10,36,0.0203966666666667
"134",2018,"Convento de la Luz","Cistus crispus","C",0,0,0,0,0,0,0,0,0,0,0,1,2,0,2,34.5,0.019205
"135",2018,"Convento de la Luz","Cistus crispus","D",0,0,0,0,0,0,0,0,0,0,0,0.75,6,2,8,34,0.0166766666666667
"136",2015,"Convento de la Luz","Cistus ladanifer","A",5,5,3,0.0238095238095238,0,0,13,0.103174603174603,126,16,0.126984126984127,1,4,0,4,569.5,0.14401
"137",2015,"Convento de la Luz","Cistus ladanifer","B",1,1,0,0,0,0,64,0.876712328767123,73,64,0.876712328767123,0.444444444444444,4,4,8,107,0.03072
"138",2015,"Convento de la Luz","Cistus ladanifer","C",0,0,0,0,0,0,0,0,0,0,0,1,3,0,3,220,0.07946
"139",2016,"Convento de la Luz","Cistus ladanifer","A",0,0,0,0,0,0,0,0,0,0,0,1,1,0,1,113,0.04297
"140",2016,"Convento de la Luz","Cistus ladanifer","B",0,0,0,0,0,0,0,0,0,0,0,1,1,0,1,417,0.1203
"141",2017,"Convento de la Luz","Cistus ladanifer","A",2,2,4,0.5,0,0,1,0.125,8,5,0.625,1,3,0,3,700.666666666667,0.210983333333333
"142",2017,"Convento de la Luz","Cistus ladanifer","B",1,1,1,0.125,0,0,0,0,8,1,0.125,1,3,0,3,329.333333333333,0.112026666666667
"143",2015,"Convento de la Luz","Cistus salviifolius","A",2,2,0,0,0,0,20,0.10752688172043,186,20,0.10752688172043,1,8,0,8,0,0
"144",2015,"Convento de la Luz","Cistus salviifolius","B",2,3,0,0,1,0.00427350427350427,26,0.111111111111111,234,27,0.115384615384615,1,3,0,3,40.4,0.039378
"145",2015,"Convento de la Luz","Cistus salviifolius","C",0,1,0,0,0,0,2,0.333333333333333,6,2,0.333333333333333,0,0,0,0,0,0
"146",2016,"Convento de la Luz","Cistus salviifolius","A",0,0,0,0,0,0,0,0,0,0,0,1,2,0,2,16.6666666666667,0.0224066666666667
"147",2016,"Convento de la Luz","Cistus salviifolius","B",0,0,0,0,0,0,0,0,0,0,0,0,0,0,0,15,0.0164533333333333
"148",2017,"Convento de la Luz","Cistus salviifolius","A",2,2,3,0.0517241379310345,0,0,1,0.0172413793103448,58,4,0.0689655172413793,1,2,0,2,51,0.07006
"149",2017,"Convento de la Luz","Cistus salviifolius","B",0,0,0,0,0,0,0,0,0,0,0,1,4,0,4,56,0.0665366666666667
"150",2018,"Convento de la Luz","Cistus salviifolius","A",0,0,0,0,0,0,0,0,0,0,0,1,2,0,2,51.5,0.05155
"151",2018,"Convento de la Luz","Cistus salviifolius","B",0,0,0,0,0,0,0,0,0,0,0,0.714285714285714,5,2,7,49,0.0529066666666667
"152",2018,"Convento de la Luz","Cistus salviifolius","C",0,0,0,0,0,0,0,0,0,0,0,0.666666666666667,2,1,3,47.5,0.055
"153",2018,"Convento de la Luz","Cistus salviifolius","D",0,0,0,0,0,0,0,0,0,0,0,1,2,0,2,56,0.06417
"154",2015,"Convento de la Luz","Halimium halimifolium","A",0,0,0,0,0,0,0,0,0,0,0,0.738888888888889,12,4,16,15.1111111111111,0.00764333333333333
"155",2015,"Convento de la Luz","Halimium halimifolium","B",0,0,0,0,0,0,0,0,0,0,0,0,0,0,0,0,0
"156",2016,"Convento de la Luz","Halimium halimifolium","A",0,0,0,0,0,0,0,0,0,0,0,0.916666666666667,11,1,12,14.75,0.007675
"157",2016,"Convento de la Luz","Halimium halimifolium","B",0,0,0,0,0,0,0,0,0,0,0,0.333333333333333,2,4,6,18.6666666666667,0.00667
"158",2017,"Convento de la Luz","Halimium halimifolium","A",3,3,2,0.125,0,0,1,0.0625,16,3,0.1875,1,6,0,6,17.3333333333333,0.00861666666666667
"159",2017,"Convento de la Luz","Halimium halimifolium","B",1,1,2,0.25,0,0,0,0,8,2,0.25,1,10,0,10,16.6666666666667,0.00856
"160",2018,"Convento de la Luz","Halimium halimifolium","A",6,6,17,0.0307971014492754,0,0,14,0.0253623188405797,552,31,0.0561594202898551,1,2,0,2,30.5,0.017745
"161",2018,"Convento de la Luz","Halimium halimifolium","B",5,5,8,0.049079754601227,0,0,27,0.165644171779141,163,35,0.214723926380368,0.666666666666667,4,2,6,27.6666666666667,0.0138866666666667
"162",2018,"Convento de la Luz","Halimium halimifolium","C",6,6,5,0.0201612903225806,0,0,21,0.0846774193548387,248,26,0.104838709677419,0.5,2,2,4,24.5,0.013565
"163",2018,"Convento de la Luz","Halimium halimifolium","D",1,1,1,0.0454545454545455,0,0,0,0,22,1,0.0454545454545455,0.7,7,3,10,27.6666666666667,0.0142266666666667
"164",2016,"Convento de la Luz","Lavandula pedunculata","A",1,2,1,0.00578034682080925,0,0,11,0.0635838150289017,173,12,0.069364161849711,0.977611940298508,131,3,134,1,0.000653333333333333
"165",2016,"Convento de la Luz","Lavandula pedunculata","B",0,0,0,0,0,0,0,0,0,0,0,0.902439024390244,111,12,123,1,0.000614
"166",2015,"Convento de la Luz","Lavandula stoechas","A",0,0,0,0,0,0,0,0,0,0,0,0.764029823033612,313,97,410,1,0.000473181818181818
"167",2015,"Convento de la Luz","Rosmarinus officinalis","A",0,0,0,0,0,0,0,0,0,0,0,0.849143610013175,38,10,48,1,8e-04
"168",2015,"Convento de la Luz","Rosmarinus officinalis","B",1,1,0,0,0,0,36,0.514285714285714,70,36,0.514285714285714,0.881907308377897,83,13,96,1,0.000513333333333333
"169",2015,"Convento de la Luz","Rosmarinus officinalis","C",0,0,0,0,0,0,0,0,0,0,0,0.835796923914523,167,34,201,1,0.000402857142857143
"170",2017,"Convento de la Luz","Rosmarinus officinalis","A",1,1,0,0,0,0,23,0.14375,160,23,0.14375,0,0,0,0,0,0
"171",2017,"Convento de la Luz","Rosmarinus officinalis","B",1,1,0,0,0,0,3,0.006,500,3,0.006,0,0,0,0,0,0
"172",2018,"Convento de la Luz","Rosmarinus officinalis","A",3,4,3,0.000923076923076923,2,0.000615384615384615,385,0.118461538461538,3250,390,0.12,0,0,0,0,0,0
"173",2018,"Convento de la Luz","Rosmarinus officinalis","B",1,2,0,0,0,0,610,0.358823529411765,1700,610,0.358823529411765,0,0,0,0,0,0
"174",2018,"Convento de la Luz","Rosmarinus officinalis","C",4,4,0,0,0,0,305,0.254166666666667,1200,305,0.254166666666667,0,0,0,0,0,0
"175",2018,"Convento de la Luz","Rosmarinus officinalis","D",2,2,0,0,0,0,112,0.112,1000,112,0.112,0,0,0,0,0,0
"176",2018,"Convento de la Luz","Rosmarinus officinalis","E",2,3,0,0,0,0,40,0.0476190476190476,840,40,0.0476190476190476,0,0,0,0,0,0
"177",2017,"Cotito de Santa Teresa","Asphodelus fistulosus","A",1,1,0,0,0,0,1,0.05,20,1,0.05,1,2,0,2,2.5,0.00292
"178",2017,"Cotito de Santa Teresa","Asphodelus fistulosus","B",1,1,0,0,0,0,3,0.136363636363636,22,3,0.136363636363636,0.666666666666667,8,4,12,3,0.014225
"179",2017,"Cotito de Santa Teresa","Asphodelus fistulosus","C",1,1,0,0,0,0,4,0.166666666666667,24,4,0.166666666666667,0,0,0,0,0,0
"180",2015,"Cotito de Santa Teresa","Cistus crispus","A",1,1,0,0,0,0,1,0.142857142857143,7,1,0.142857142857143,0,0,0,0,0,0
"181",2015,"Cotito de Santa Teresa","Cistus crispus","B",2,2,0,0,0,0,3,0.375,8,3,0.375,0,0,0,0,0,0
"182",2017,"Cotito de Santa Teresa","Cistus crispus","A",0,0,0,0,0,0,0,0,0,0,0,1,5,0,5,0,0
"183",2017,"Cotito de Santa Teresa","Cistus crispus","B",1,2,0,0,0,0,3,0.1,30,3,0.1,0.8,4,1,5,19.5,0.01127
"184",2018,"Cotito de Santa Teresa","Cistus crispus","A",2,2,0,0,0,0,13,0.333333333333333,39,13,0.333333333333333,1,5,0,5,39.3333333333333,0.0191233333333333
"185",2018,"Cotito de Santa Teresa","Cistus crispus","B",3,3,0,0,0,0,14,0.241379310344828,58,14,0.241379310344828,1,5,0,5,34.6666666666667,0.01693
"186",2018,"Cotito de Santa Teresa","Cistus crispus","C",4,6,1,0.0101010101010101,0,0,24,0.242424242424242,99,25,0.252525252525253,0.166666666666667,1,5,6,13,0.00656
"187",2018,"Cotito de Santa Teresa","Cistus crispus","D",0,0,0,0,0,0,0,0,0,0,0,0.666666666666667,2,1,3,41.5,0.017875
"188",2015,"Cotito de Santa Teresa","Cistus salviifolius","A",1,1,0,0,0,0,1,0.0526315789473684,19,1,0.0526315789473684,0.948717948717949,24,2,26,38.8333333333333,0.0334516666666667
"189",2015,"Cotito de Santa Teresa","Cistus salviifolius","B",1,1,0,0,2,0.0540540540540541,0,0,37,2,0.0540540540540541,0.555555555555556,8,2,10,38.2,0.043568
"190",2016,"Cotito de Santa Teresa","Cistus salviifolius","B",1,1,1,0.0833333333333333,0,0,0,0,12,1,0.0833333333333333,0,0,0,0,0,0
"191",2017,"Cotito de Santa Teresa","Cistus salviifolius","A",0,1,0,0,0,0,1,0.333333333333333,3,1,0.333333333333333,0,0,0,0,0,0
"192",2018,"Cotito de Santa Teresa","Cistus salviifolius","A",0,0,0,0,0,0,0,0,0,0,0,1,2,0,2,22,0.027485
"193",2018,"Cotito de Santa Teresa","Cistus salviifolius","B",0,0,0,0,0,0,0,0,0,0,0,1,1,0,1,52,0.04653
"194",2018,"Cotito de Santa Teresa","Cistus salviifolius","C",0,0,0,0,0,0,0,0,0,0,0,0.5,1,1,2,26.5,0.02946
"195",2018,"Cotito de Santa Teresa","Cistus salviifolius","D",0,0,0,0,0,0,0,0,0,0,0,1,2,0,2,46.5,0.05629
"196",2016,"Cotito de Santa Teresa","Halimium halimifolium","A",1,2,1,0.111111111111111,0,0,0,0,9,1,0.111111111111111,0,0,0,0,0,0
"197",2018,"Cotito de Santa Teresa","Halimium halimifolium","A",6,6,3,0.00847457627118644,0,0,22,0.0621468926553672,354,25,0.0706214689265537,1,10,0,10,25,0.0102133333333333
"198",2018,"Cotito de Santa Teresa","Halimium halimifolium","B",1,1,1,0.0588235294117647,0,0,0,0,17,1,0.0588235294117647,1,5,0,5,38.3333333333333,0.01665
"199",2018,"Cotito de Santa Teresa","Halimium halimifolium","C",3,3,7,0.0693069306930693,0,0,2,0.0198019801980198,101,9,0.0891089108910891,1,4,0,4,24,0.0114
"200",2018,"Cotito de Santa Teresa","Halimium halimifolium","D",1,1,3,0.333333333333333,0,0,0,0,9,3,0.333333333333333,1,5,0,5,13.6666666666667,0.00525
"201",2018,"Cotito de Santa Teresa","Lavandula pedunculata","A",0,0,0,0,0,0,0,0,0,0,0,0.646153846153846,84,46,130,3.33333333333333,0.00177333333333333
"202",2018,"Cotito de Santa Teresa","Lavandula pedunculata","B",0,0,0,0,0,0,0,0,0,0,0,0.735714285714286,103,37,140,3.33333333333333,0.00227
"203",2018,"Cotito de Santa Teresa","Lavandula pedunculata","C",0,0,0,0,0,0,0,0,0,0,0,0.85792349726776,157,26,183,3.33333333333333,0.00110333333333333
"204",2018,"Cotito de Santa Teresa","Lavandula pedunculata","D",0,0,0,0,0,0,0,0,0,0,0,0.895953757225434,155,18,173,2.66666666666667,0.00247
"205",2015,"Cotito de Santa Teresa","Lavandula stoechas","A",2,3,0,0,0,0,6,0.0425531914893617,141,6,0.0425531914893617,0.796190839006726,297,62,359,1,0.00156923076923077
"206",2015,"Cotito de Santa Teresa","Lavandula stoechas","B",1,1,0,0,0,0,5,0.0416666666666667,120,5,0.0416666666666667,0,0,0,0,0,0
"207",2016,"Cotito de Santa Teresa","Lavandula stoechas","A",1,1,0,0,0,0,12,0.12,100,12,0.12,0,0,0,0,0,0
"208",2018,"Cotito de Santa Teresa","Lavandula stoechas","A",2,2,0,0,0,0,88,0.0733333333333333,1200,88,0.0733333333333333,0,0,0,0,0,0
"209",2018,"Cotito de Santa Teresa","Lavandula stoechas","B",3,3,0,0,0,0,50,0.0909090909090909,550,50,0.0909090909090909,0,0,0,0,0,0
"210",2018,"Cotito de Santa Teresa","Lavandula stoechas","C",5,5,0,0,0,0,54,0.0432,1250,54,0.0432,0,0,0,0,0,0
"211",2018,"Cotito de Santa Teresa","Lavandula stoechas","D",3,5,0,0,0,0,28,0.04,700,28,0.04,0,0,0,0,0,0
"212",2015,"Cotito de Santa Teresa","Rosmarinus officinalis","A",0,0,0,0,0,0,0,0,0,0,0,0.984126984126984,70,1,71,1,0.000435
"213",2015,"Cotito de Santa Teresa","Rosmarinus officinalis","B",0,0,0,0,0,0,0,0,0,0,0,0.762352941176471,42,15,57,1,0.000444444444444444
"214",2017,"Cotito de Santa Teresa","Rosmarinus officinalis","A",1,1,0,0,0,0,74,0.180487804878049,410,74,0.180487804878049,1,8,0,8,1,0.000225714285714286
"215",2017,"Cotito de Santa Teresa","Rosmarinus officinalis","B",4,4,0,0,1,0.000783699059561128,34,0.0266457680250784,1276,35,0.0274294670846395,0.9,9,1,10,1,0.000873333333333333
"216",2017,"Cotito de Santa Teresa","Rosmarinus officinalis","C",2,2,0,0,0,0,43,0.05375,800,43,0.05375,0.722222222222222,13,5,18,1,0.000265
"217",2018,"Cotito de Santa Teresa","Rosmarinus officinalis","A",3,3,1,0.00120481927710843,0,0,159,0.191566265060241,830,160,0.192771084337349,0,0,0,0,0,0
"218",2018,"Cotito de Santa Teresa","Rosmarinus officinalis","B",5,5,1,8e-04,0,0,130,0.104,1250,131,0.1048,0,0,0,0,0,0
"219",2018,"Cotito de Santa Teresa","Rosmarinus officinalis","C",3,3,0,0,0,0,61,0.108928571428571,560,61,0.108928571428571,0,0,0,0,0,0
"220",2018,"Cotito de Santa Teresa","Rosmarinus officinalis","D",3,3,0,0,0,0,19,0.0558823529411765,340,19,0.0558823529411765,0,0,0,0,0,0
"221",2018,"Cotito de Santa Teresa","Rosmarinus officinalis","E",1,1,0,0,0,0,151,0.686363636363636,220,151,0.686363636363636,0,0,0,0,0,0
"222",2015,"El pinar","Cistus salviifolius","A",0,1,0,0,0,0,1,0.5,2,1,0.5,0,0,0,0,0,0
"223",2015,"El pinar","Lavandula stoechas","A",1,1,0,0,0,0,1,0.0833333333333333,12,1,0.0833333333333333,0,0,0,0,0,0
"224",2015,"El pinar","Rosmarinus officinalis","A",1,1,0,0,0,0,1,0.00416666666666667,240,1,0.00416666666666667,0.958333333333333,33,1,34,1,0.0004035
"225",2015,"El pinar","Rosmarinus officinalis","B",0,0,0,0,0,0,0,0,0,0,0,0.690936819172113,43,17,60,1,0.00056625
"226",2015,"El pinar","Rosmarinus officinalis","C",0,0,0,0,0,0,0,0,0,0,0,0.625,15,2,17,1,0.0004625
"227",2017,"El pozo","Cistus crispus","A",0,0,0,0,0,0,0,0,0,0,0,0,0,7,7,0,0
"228",2017,"El pozo","Cistus crispus","B",0,0,0,0,0,0,0,0,0,0,0,0,0,2,2,7.5,0.00283
"229",2018,"El pozo","Cistus crispus","A",3,4,0,0,0,0,14,0.14,100,14,0.14,0.8,8,2,10,18.6666666666667,0.01021
"230",2018,"El pozo","Cistus crispus","B",3,4,0,0,0,0,16,0.116788321167883,137,16,0.116788321167883,0.714285714285714,5,2,7,27.6666666666667,0.0153466666666667
"231",2018,"El pozo","Cistus crispus","C",2,2,0,0,0,0,2,0.0208333333333333,96,2,0.0208333333333333,1,5,0,5,31.3333333333333,0.01452
"232",2018,"El pozo","Cistus crispus","D",0,0,0,0,0,0,0,0,0,0,0,1,1,0,1,33,0.01494
"233",2015,"El pozo","Cistus ladanifer","A",2,2,0,0,0,0,2,0.222222222222222,9,2,0.222222222222222,0,0,0,0,0,0
"234",2015,"El pozo","Cistus ladanifer","B",1,1,0,0,0,0,1,0.25,4,1,0.25,0,0,0,0,0,0
"235",2016,"El pozo","Cistus ladanifer","A",1,1,0,0,0,0,1,0.125,8,1,0.125,0,0,0,0,175,0.04105
"236",2016,"El pozo","Cistus ladanifer","B",0,0,0,0,0,0,0,0,0,0,0,0,0,0,0,57,0.00275
"237",2017,"El pozo","Cistus ladanifer","A",1,1,0,0,0,0,1,0.5,2,1,0.5,0,0,0,0,0,0
"238",2017,"El pozo","Cistus ladanifer","B",1,1,1,0.5,0,0,0,0,2,1,0.5,0,0,0,0,0,0
"239",2017,"El pozo","Cistus ladanifer","C",1,1,0,0,0,0,2,0.4,5,2,0.4,0,0,0,0,0,0
"240",2015,"El pozo","Cistus salviifolius","A",1,1,0,0,0,0,3,0.428571428571429,7,3,0.428571428571429,0,0,0,0,0,0
"241",2015,"El pozo","Cistus salviifolius","B",1,1,0,0,0,0,1,0.111111111111111,9,1,0.111111111111111,0,0,0,0,0,0
"242",2016,"El pozo","Cistus salviifolius","A",1,1,0,0,0,0,3,0.6,5,3,0.6,1,2,0,2,48,0.044585
"243",2016,"El pozo","Cistus salviifolius","B",1,1,0,0,0,0,1,0.333333333333333,3,1,0.333333333333333,1,1,0,1,23,0.02597
"244",2017,"El pozo","Cistus salviifolius","A",1,1,0,0,1,0.0909090909090909,0,0,11,1,0.0909090909090909,0,0,0,0,0,0
"245",2017,"El pozo","Cistus salviifolius","B",0,1,0,0,0,0,1,0.1,10,1,0.1,0,0,0,0,0,0
"246",2018,"El pozo","Cistus salviifolius","A",0,0,0,0,0,0,0,0,0,0,0,0,0,0,0,0,0
"247",2018,"El pozo","Cistus salviifolius","B",0,0,0,0,0,0,0,0,0,0,0,0,0,0,0,0,0
"248",2018,"El pozo","Cistus salviifolius","C",0,0,0,0,0,0,0,0,0,0,0,0,0,0,0,20,0.018265
"249",2018,"El pozo","Cistus salviifolius","D",0,0,0,0,0,0,0,0,0,0,0,1,2,0,2,16.5,0.022285
"250",2016,"El pozo","Halimium halimifolium","A",0,0,0,0,0,0,0,0,0,0,0,1,5,0,5,13.3333333333333,0.00509
"251",2016,"El pozo","Halimium halimifolium","B",0,0,0,0,0,0,0,0,0,0,0,1,2,0,2,2.33333333333333,0.00104333333333333
"252",2018,"El pozo","Halimium halimifolium","A",1,1,1,0.0131578947368421,0,0,0,0,76,1,0.0131578947368421,1,4,0,4,16.3333333333333,0.00731333333333333
"253",2018,"El pozo","Halimium halimifolium","B",2,2,0,0,0,0,3,0.107142857142857,28,3,0.107142857142857,0.6,3,2,5,16.6666666666667,0.00970333333333333
"254",2018,"El pozo","Halimium halimifolium","C",1,1,1,0.0526315789473684,0,0,0,0,19,1,0.0526315789473684,0.333333333333333,1,2,3,6,0.003385
"255",2018,"El pozo","Halimium halimifolium","D",0,0,0,0,0,0,0,0,0,0,0,0.75,6,2,8,15,0.00635666666666667
"256",2017,"El pozo","Lavandula stoechas","A",1,1,0,0,0,0,15,0.0652173913043478,230,15,0.0652173913043478,0,0,0,0,0,0
"257",2015,"El pozo","Rosmarinus officinalis","A",0,0,0,0,0,0,0,0,0,0,0,0.849195402298851,92,17,109,1,0.000672105263157895
"258",2015,"El pozo","Rosmarinus officinalis","B",1,1,0,0,0,0,2,0.021505376344086,93,2,0.021505376344086,0.814462081128748,62,13,75,1.03030303030303,0.00035030303030303
"259",2016,"El pozo","Rosmarinus officinalis","A",4,4,0,0,0,0,12,0.0214285714285714,560,12,0.0214285714285714,0,0,0,0,1,0.000926666666666667
"260",2016,"El pozo","Rosmarinus officinalis","B",0,0,0,0,0,0,0,0,0,0,0,0,0,2,2,0,0.00051
"261",2017,"El pozo","Rosmarinus officinalis","A",1,1,0,0,0,0,125,0.114155251141553,1095,125,0.114155251141553,0,0,0,0,0,0
"262",2017,"El pozo","Rosmarinus officinalis","B",1,1,0,0,0,0,134,0.122935779816514,1090,134,0.122935779816514,0,0,0,0,0,0
"263",2017,"El pozo","Rosmarinus officinalis","C",1,2,0,0,0,0,36,0.0455696202531646,790,36,0.0455696202531646,0,0,0,0,0,0
"264",2018,"El pozo","Rosmarinus officinalis","A",2,3,0,0,0,0,182,0.2,910,182,0.2,0,0,0,0,0,0
"265",2018,"El pozo","Rosmarinus officinalis","B",5,5,3,0.00315789473684211,0,0,108,0.113684210526316,950,111,0.116842105263158,0,0,0,0,0,0
"266",2018,"El pozo","Rosmarinus officinalis","C",4,4,2,0.00240963855421687,0,0,95,0.114457831325301,830,97,0.116867469879518,0,0,0,0,0,0
"267",2018,"El pozo","Rosmarinus officinalis","D",2,2,0,0,0,0,76,0.126666666666667,600,76,0.126666666666667,0,0,0,0,0,0
"268",2018,"El pozo","Rosmarinus officinalis","E",2,2,0,0,0,0,148,0.127586206896552,1160,148,0.127586206896552,0,0,0,0,0,0
"269",2015,"Esparragal","Cistus crispus","A",1,1,0,0,0,0,1,0.00704225352112676,142,1,0.00704225352112676,0,0,0,0,0,0
"270",2015,"Esparragal","Cistus crispus","B",3,3,0,0,1,0.0087719298245614,2,0.0175438596491228,114,3,0.0263157894736842,0,0,0,0,0,0
"271",2016,"Esparragal","Cistus crispus","A",0,0,0,0,0,0,0,0,0,0,0,0.8,4,1,5,31.6666666666667,0.01505
"272",2016,"Esparragal","Cistus crispus","B",0,0,0,0,0,0,0,0,0,0,0,0.4,2,3,5,19.5,0.008795
"273",2017,"Esparragal","Cistus crispus","A",0,0,0,0,0,0,0,0,0,0,0,0.4,2,3,5,30,0.016525
"274",2017,"Esparragal","Cistus crispus","B",0,1,0,0,0,0,1,0.05,20,1,0.05,0.4,2,3,5,36,0.020005
"275",2018,"Esparragal","Cistus crispus","A",4,4,0,0,0,0,23,0.166666666666667,138,23,0.166666666666667,1,3,0,3,12,0.006625
"276",2018,"Esparragal","Cistus crispus","B",3,4,0,0,0,0,15,0.2,75,15,0.2,0.5,2,2,4,26.5,0.01352
"277",2018,"Esparragal","Cistus crispus","C",3,3,0,0,0,0,18,0.193548387096774,93,18,0.193548387096774,0.75,3,1,4,26,0.00679333333333333
"278",2018,"Esparragal","Cistus crispus","D",3,4,0,0,0,0,22,0.0846153846153846,260,22,0.0846153846153846,1,3,0,3,32,0.01609
"279",2015,"Esparragal","Cistus salviifolius","A",2,4,0,0,1,0.0333333333333333,5,0.166666666666667,30,6,0.2,0.8,9,3,12,15.6666666666667,0.01833
"280",2015,"Esparragal","Cistus salviifolius","B",2,2,1,0.166666666666667,0,0,2,0.333333333333333,6,3,0.5,0,0,0,0,0,0
"281",2016,"Esparragal","Cistus salviifolius","A",0,0,0,0,0,0,0,0,0,0,0,1,4,0,4,32.3333333333333,0.0284233333333333
"282",2016,"Esparragal","Cistus salviifolius","B",0,0,0,0,0,0,0,0,0,0,0,0,0,0,0,18.5,0.02203
"283",2017,"Esparragal","Cistus salviifolius","A",0,0,0,0,0,0,0,0,0,0,0,1,3,0,3,56.6666666666667,0.06867
"284",2017,"Esparragal","Cistus salviifolius","B",0,0,0,0,0,0,0,0,0,0,0,1,4,0,4,38,0.047
"285",2018,"Esparragal","Cistus salviifolius","A",1,1,0,0,0,0,1,0.125,8,1,0.125,1,2,0,2,31,0.041205
"286",2018,"Esparragal","Cistus salviifolius","B",1,1,0,0,2,0.166666666666667,0,0,12,2,0.166666666666667,1,2,0,2,25.3333333333333,0.0267733333333333
"287",2018,"Esparragal","Cistus salviifolius","C",0,0,0,0,0,0,0,0,0,0,0,1,4,0,4,51.3333333333333,0.06453
"288",2018,"Esparragal","Cistus salviifolius","D",0,0,0,0,0,0,0,0,0,0,0,0,0,0,0,13,0.014555
"289",2015,"Esparragal","Halimium commutatum","A",0,0,0,0,0,0,0,0,0,0,0,0,0,9,9,0,0
"290",2015,"Esparragal","Halimium commutatum","B",1,1,0,0,1,0.333333333333333,0,0,3,1,0.333333333333333,0.333333333333333,1,2,3,0,0
"291",2015,"Esparragal","Halimium commutatum","C",2,2,0,0,1,0.0217391304347826,1,0.0217391304347826,46,2,0.0434782608695652,0.333333333333333,1,0,1,0,0
"292",2016,"Esparragal","Halimium commutatum","A",0,1,0,0,0,0,0,0,18,0,0,1,2,0,2,3.5,0.01413
"293",2016,"Esparragal","Halimium commutatum","B",0,0,0,0,0,0,0,0,0,0,0,1,2,0,2,1,0.00466
"294",2017,"Esparragal","Halimium commutatum","A",1,1,0,0,1,0.04,0,0,25,1,0.04,1,5,0,5,1,0.00395636363636364
"295",2017,"Esparragal","Halimium commutatum","B",1,3,0,0,1,0.0666666666666667,19,1.26666666666667,15,20,1.33333333333333,1,7,0,7,1,0.003045
"296",2018,"Esparragal","Halimium commutatum","A",2,2,0,0,6,0.2,7,0.233333333333333,30,13,0.433333333333333,0,0,0,0,0,0
"297",2018,"Esparragal","Halimium commutatum","B",1,1,0,0,0,0,10,1.25,8,10,1.25,0,0,0,0,0,0
"298",2018,"Esparragal","Halimium commutatum","C",3,3,1,0.0294117647058824,3,0.0882352941176471,8,0.235294117647059,34,12,0.352941176470588,0,0,0,0,0,0
"299",2018,"Esparragal","Halimium commutatum","D",1,1,0,0,0,0,46,0.575,80,46,0.575,0,0,0,0,0,0
"300",2015,"Esparragal","Halimium halimifolium","A",0,0,0,0,0,0,0,0,0,0,0,1,12,0,12,12.5714285714286,0.00688428571428571
"301",2015,"Esparragal","Halimium halimifolium","B",4,4,2,0.0108695652173913,1,0.00543478260869565,1,0.00543478260869565,184,4,0.0217391304347826,0,0,0,0,0,0
"302",2016,"Esparragal","Halimium halimifolium","A",2,2,4,0.266666666666667,1,0.0666666666666667,0,0,15,5,0.333333333333333,0.857142857142857,6,1,7,21.3333333333333,0.00299
"303",2016,"Esparragal","Halimium halimifolium","B",1,1,2,0.0714285714285714,0,0,0,0,28,2,0.0714285714285714,1,6,0,6,25,0.0107866666666667
"304",2017,"Esparragal","Halimium halimifolium","A",0,0,0,0,0,0,0,0,0,0,0,0.777777777777778,7,2,9,10.6666666666667,0.00332
"305",2017,"Esparragal","Halimium halimifolium","B",0,0,0,0,0,0,0,0,0,0,0,1,4,0,4,6.66666666666667,0.00451
"306",2018,"Esparragal","Halimium halimifolium","A",2,2,0,0,0,0,23,0.0950413223140496,242,23,0.0950413223140496,1,4,0,4,32.6666666666667,0.0126366666666667
"307",2018,"Esparragal","Halimium halimifolium","B",2,2,1,0.00343642611683849,0,0,28,0.0962199312714777,291,29,0.0996563573883162,1,4,0,4,18.3333333333333,0.00879
"308",2018,"Esparragal","Halimium halimifolium","C",4,4,1,0.0111111111111111,1,0.0111111111111111,3,0.0333333333333333,90,5,0.0555555555555556,1,4,0,4,28,0.0145566666666667
"309",2018,"Esparragal","Halimium halimifolium","D",1,1,0,0,0,0,15,0.0789473684210526,190,15,0.0789473684210526,1,4,0,4,5.33333333333333,0.00411666666666667
"310",2015,"Esparragal","Lavandula pedunculata","A",0,0,0,0,0,0,0,0,0,0,0,0.827053980644634,359,73,432,1,0.000562222222222222
"311",2015,"Esparragal","Lavandula pedunculata","B",0,0,0,0,0,0,0,0,0,0,0,0.766978416411881,258,81,339,1,0.000196363636363636
"312",2017,"Esparragal","Lavandula pedunculata","A",1,1,0,0,0,0,3,0.015,200,3,0.015,0,0,0,0,0,0
"313",2017,"Esparragal","Lavandula pedunculata","B",1,1,0,0,0,0,1,0.00454545454545455,220,1,0.00454545454545455,0,0,0,0,0,0
"314",2015,"Esparragal","Lavandula stoechas","A",1,1,0,0,0,0,1,0.0833333333333333,12,1,0.0833333333333333,0,0,0,0,0,0
"315",2016,"Esparragal","Lavandula stoechas","A",0,0,0,0,0,0,0,0,0,0,0,0.940594059405941,95,6,101,1,0.000585
"316",2016,"Esparragal","Lavandula stoechas","B",1,1,0,0,0,0,2,0.037037037037037,54,2,0.037037037037037,0.884615384615385,46,6,52,1,0.000483333333333333
"317",2017,"Esparragal","Lavandula stoechas","A",1,1,0,0,0,0,1,0.0333333333333333,30,1,0.0333333333333333,0,0,0,0,0,0
"318",2017,"Esparragal","Lavandula stoechas","B",1,1,0,0,0,0,3,0.075,40,3,0.075,0,0,0,0,0,0
"319",2015,"La Cuña","Cistus salviifolius","A",2,2,2,0.0666666666666667,0,0,4,0.133333333333333,30,6,0.2,1,10,0,10,13,0.0172
"320",2015,"La Cuña","Cistus salviifolius","B",8,8,2,0.0277777777777778,1,0.0138888888888889,5,0.0694444444444444,72,8,0.111111111111111,0.888888888888889,19,1,20,29.3333333333333,0.03081
"321",2016,"La Cuña","Cistus salviifolius","A",0,0,0,0,0,0,0,0,0,0,0,0,0,0,0,23.3333333333333,0.0259566666666667
"322",2016,"La Cuña","Cistus salviifolius","B",0,0,0,0,0,0,0,0,0,0,0,1,3,0,3,34,0.0360533333333333
"323",2017,"La Cuña","Cistus salviifolius","A",1,1,0,0,1,0.0588235294117647,0,0,17,1,0.0588235294117647,1,5,0,5,66.6666666666667,0.07218
"324",2017,"La Cuña","Cistus salviifolius","B",0,0,0,0,0,0,0,0,0,0,0,1,5,0,5,65.6666666666667,0.05632
"325",2018,"La Cuña","Cistus salviifolius","A",0,0,0,0,0,0,0,0,0,0,0,0,0,0,0,23,0.02267
"326",2018,"La Cuña","Cistus salviifolius","B",0,0,0,0,0,0,0,0,0,0,0,1,1,0,1,19,0.02535
"327",2018,"La Cuña","Cistus salviifolius","C",0,0,0,0,0,0,0,0,0,0,0,1,1,0,1,53,0.07263
"328",2018,"La Cuña","Cistus salviifolius","D",0,0,0,0,0,0,0,0,0,0,0,1,1,0,1,23,0.02639
"329",2015,"La Cuña","Lavandula pedunculata","A",1,1,0,0,0,0,1,0.0126582278481013,79,1,0.0126582278481013,0.743697478991597,271,93,364,1,0.000695333333333333
"330",2015,"La Cuña","Lavandula pedunculata","B",2,2,0,0,0,0,2,0.0101010101010101,198,2,0.0101010101010101,0.528,198,52,250,1,0.000531764705882353
"331",2016,"La Cuña","Lavandula pedunculata","A",1,1,0,0,0,0,11,0.1,110,11,0.1,0.806451612903226,75,18,93,1,0.000211666666666667
"332",2017,"La Cuña","Lavandula pedunculata","A",0,0,0,0,0,0,0,0,0,0,0,0.536842105263158,51,44,95,1,0.000665
"333",2017,"La Cuña","Lavandula pedunculata","B",0,0,0,0,0,0,0,0,0,0,0,0.571428571428571,20,15,35,1,0.000823333333333333
"334",2018,"La Cuña","Lavandula pedunculata","A",1,1,0,0,0,0,1,0.02,50,1,0.02,0.788461538461538,82,22,104,2.33333333333333,0.00125666666666667
"335",2018,"La Cuña","Lavandula pedunculata","B",0,0,0,0,0,0,0,0,0,0,0,0.6,39,26,65,2,0.00174666666666667
"336",2018,"La Cuña","Lavandula pedunculata","C",0,0,0,0,0,0,0,0,0,0,0,0.51063829787234,48,46,94,1,0.000743333333333333
"337",2018,"La Cuña","Lavandula pedunculata","D",0,0,0,0,0,0,0,0,0,0,0,0.720779220779221,111,43,154,2,0.00148666666666667
"338",2015,"La Cuña","Rosmarinus officinalis","A",1,1,0,0,0,0,1,0.032258064516129,31,1,0.032258064516129,0.606488841782959,45,27,72,1,0.000503181818181818
"339",2015,"La Cuña","Rosmarinus officinalis","B",1,1,0,0,0,0,1,0.0185185185185185,54,1,0.0185185185185185,0.497821350762527,26,26,52,1,0.000509333333333333
"340",2017,"La Cuña","Rosmarinus officinalis","A",1,1,0,0,0,0,48,0.064,750,48,0.064,0,0,0,0,0,0
"341",2017,"La Cuña","Rosmarinus officinalis","B",1,1,0,0,0,0,9,0.0225,400,9,0.0225,0,0,0,0,0,0
"342",2018,"La Cuña","Rosmarinus officinalis","A",1,1,0,0,0,0,108,0.186206896551724,580,108,0.186206896551724,0,0,0,0,0,0
"343",2018,"La Cuña","Rosmarinus officinalis","B",1,1,0,0,0,0,16,0.106666666666667,150,16,0.106666666666667,0,0,0,0,0,0
"344",2018,"La Cuña","Rosmarinus officinalis","C",2,2,2,0.00434782608695652,0,0,13,0.0282608695652174,460,15,0.0326086956521739,0,0,0,0,0,0
"345",2018,"La Cuña","Rosmarinus officinalis","D",2,2,1,0.00227272727272727,0,0,30,0.0681818181818182,440,31,0.0704545454545455,0,0,0,0,0,0
"346",2015,"La Rocina","Halimium commutatum","A",3,3,11,0.17741935483871,0,0,1,0.0161290322580645,62,12,0.193548387096774,0.55952380952381,9,7,16,1,0.00356
"347",2015,"La Rocina","Halimium commutatum","B",2,3,5,0.05,0,0,2,0.02,100,7,0.07,0,0,0,0,0,0
"348",2016,"La Rocina","Halimium commutatum","A",3,3,1,0.0178571428571429,0,0,2,0.0357142857142857,56,3,0.0535714285714286,0,0,0,0,0,0
"349",2016,"La Rocina","Halimium commutatum","B",1,1,2,0.0833333333333333,0,0,0,0,24,2,0.0833333333333333,0,0,0,0,0,0
"350",2017,"La Rocina","Halimium commutatum","A",3,3,1,0.0217391304347826,2,0.0434782608695652,1,0.0217391304347826,46,4,0.0869565217391304,0,0,0,0,0,0
"351",2017,"La Rocina","Halimium commutatum","B",1,1,0,0,2,1,0,0,2,2,1,0,0,0,0,0,0
"352",2017,"La Rocina","Halimium commutatum","C",1,1,0,0,0,0,1,0.5,2,1,0.5,0,0,0,0,0,0
"353",2018,"La Rocina","Halimium commutatum","A",1,1,0,0,0,0,8,0.0666666666666667,120,8,0.0666666666666667,0,0,0,0,0,0
"354",2018,"La Rocina","Halimium commutatum","C",1,1,0,0,0,0,8,0.0597014925373134,134,8,0.0597014925373134,0,0,0,0,0,0
"355",2018,"La Rocina","Halimium commutatum","E",1,1,1,0.02,0,0,0,0,50,1,0.02,0,0,0,0,0,0
"356",2015,"La Rocina","Halimium halimifolium","A",0,0,0,0,0,0,0,0,0,0,0,0.0833333333333333,1,6,7,1,0.0274333333333333
"357",2016,"La Rocina","Halimium halimifolium","A",0,0,0,0,0,0,0,0,0,0,0,0,0,13,13,0,0
"358",2016,"La Rocina","Halimium halimifolium","B",0,0,0,0,0,0,0,0,0,0,0,0.714285714285714,10,4,14,13.3333333333333,0.00573333333333333
"359",2017,"La Rocina","Halimium halimifolium","A",0,0,0,0,0,0,0,0,0,0,0,0.5,4,4,8,13.3333333333333,0.00611666666666667
"360",2017,"La Rocina","Halimium halimifolium","B",0,0,0,0,0,0,0,0,0,0,0,1,8,0,8,17.6666666666667,0.00863666666666667
"361",2018,"La Rocina","Halimium halimifolium","A",2,2,0,0,0,0,12,0.0916030534351145,131,12,0.0916030534351145,1,4,0,4,19.5,0.007455
"362",2018,"La Rocina","Halimium halimifolium","B",0,0,0,0,0,0,0,0,0,0,0,0.666666666666667,2,1,3,22,0.01334
"363",2018,"La Rocina","Halimium halimifolium","C",1,1,0,0,0,0,5,0.277777777777778,18,5,0.277777777777778,0,0,5,5,0,0
"364",2018,"La Rocina","Halimium halimifolium","D",0,0,0,0,0,0,0,0,0,0,0,0,0,4,4,0,0
"365",2017,"La Rocina","Lavandula pedunculata","A",0,0,0,0,0,0,0,0,0,0,0,0.694915254237288,82,36,118,1,0.000696
"366",2017,"La Rocina","Lavandula pedunculata","B",0,0,0,0,0,0,0,0,0,0,0,0.552083333333333,53,43,96,1,0.000438
"367",2018,"La Rocina","Lavandula pedunculata","A",1,1,0,0,0,0,16,0.00987654320987654,1620,16,0.00987654320987654,0.836206896551724,97,19,116,2.66666666666667,0.00164
"368",2018,"La Rocina","Lavandula pedunculata","B",1,2,0,0,5,0.00354609929078014,8,0.00567375886524823,1410,13,0.00921985815602837,0.828282828282828,82,17,99,2,0.00150666666666667
"369",2018,"La Rocina","Lavandula pedunculata","C",5,5,0,0,6,0.00116279069767442,33,0.0063953488372093,5160,39,0.00755813953488372,0.792,99,26,125,3,0.00117666666666667
"370",2018,"La Rocina","Lavandula pedunculata","D",3,3,0,0,0,0,47,0.00391666666666667,12000,47,0.00391666666666667,0.639705882352941,87,49,136,2,0.00134666666666667
"371",2015,"La Rocina","Rosmarinus officinalis","A",1,1,0,0,0,0,1,0.0099009900990099,101,1,0.0099009900990099,0.282608695652174,39,7,46,1,0.00064
"372",2015,"La Rocina","Rosmarinus officinalis","B",1,2,0,0,0,0,3,0.003,1000,3,0.003,0,0,0,0,0,0
"373",2016,"La Rocina","Rosmarinus officinalis","A",1,1,0,0,0,0,2,0.0025,800,2,0.0025,0,0,0,0,0,0
"374",2016,"La Rocina","Rosmarinus officinalis","B",1,1,0,0,0,0,1,0.0294117647058824,34,1,0.0294117647058824,0,0,0,0,0,0
"375",2017,"La Rocina","Rosmarinus officinalis","A",3,3,6,0.00422535211267606,0,0,119,0.0838028169014085,1420,125,0.0880281690140845,0,0,0,0,0,0
"376",2017,"La Rocina","Rosmarinus officinalis","B",5,5,0,0,1,0.000869565217391304,77,0.0669565217391304,1150,78,0.0678260869565217,0,0,0,0,0,0
"377",2017,"La Rocina","Rosmarinus officinalis","C",2,2,0,0,0,0,91,0.263768115942029,345,91,0.263768115942029,0,0,0,0,0,0
"378",2018,"La Rocina","Rosmarinus officinalis","A",3,4,0,0,0,0,196,0.106521739130435,1840,196,0.106521739130435,0,0,0,0,0,0
"379",2018,"La Rocina","Rosmarinus officinalis","B",5,5,0,0,0,0,211,0.108205128205128,1950,211,0.108205128205128,0,0,0,0,0,0
"380",2018,"La Rocina","Rosmarinus officinalis","C",2,2,0,0,0,0,177,0.136153846153846,1300,177,0.136153846153846,0,0,0,0,0,0
"381",2018,"La Rocina","Rosmarinus officinalis","D",3,3,0,0,0,0,131,0.152325581395349,860,131,0.152325581395349,0,0,0,0,0,0
"382",2018,"La Rocina","Rosmarinus officinalis","E",3,3,0,0,0,0,42,0.0428571428571429,980,42,0.0428571428571429,0,0,0,0,0,0
"383",2015,"Las mulas","Cistus crispus","A",1,1,1,0.05,0,0,0,0,20,1,0.05,0,0,0,0,0,0
"384",2016,"Las mulas","Cistus crispus","A",3,3,1,0.0333333333333333,0,0,9,0.3,30,10,0.333333333333333,0.888888888888889,8,1,9,39,0.0219333333333333
"385",2016,"Las mulas","Cistus crispus","B",2,2,2,0.0833333333333333,0,0,5,0.208333333333333,24,7,0.291666666666667,0.666666666666667,4,2,6,32,0.0171566666666667
"386",2017,"Las mulas","Cistus crispus","A",0,0,0,0,0,0,0,0,0,0,0,0,0,6,6,0,0
"387",2017,"Las mulas","Cistus crispus","B",0,0,0,0,0,0,0,0,0,0,0,0.888888888888889,8,1,9,51.3333333333333,0.02784
"388",2015,"Las mulas","Cistus ladanifer","A",2,2,1,0.0833333333333333,0,0,1,0.0833333333333333,12,2,0.166666666666667,1,5,0,5,403.5,0.1097425
"389",2015,"Las mulas","Cistus ladanifer","B",0,0,0,0,0,0,0,0,0,0,0,1,3,0,3,520,0.12319
"390",2016,"Las mulas","Cistus ladanifer","A",0,0,0,0,0,0,0,0,0,0,0,1,1,0,1,573.666666666667,0.155873333333333
"391",2016,"Las mulas","Cistus ladanifer","B",0,0,0,0,0,0,0,0,0,0,0,1,3,0,3,797.666666666667,0.203883333333333
"392",2017,"Las mulas","Cistus ladanifer","A",1,1,0,0,0,0,17,1.7,10,17,1.7,0,0,0,0,0,0
"393",2017,"Las mulas","Cistus ladanifer","B",3,3,1,0.025,1,0.025,13,0.325,40,15,0.375,0,0,0,0,0,0
"394",2015,"Las mulas","Cistus salviifolius","A",0,1,0,0,0,0,2,0.222222222222222,9,2,0.222222222222222,1,7,0,7,38.6666666666667,0.0444766666666667
"395",2015,"Las mulas","Cistus salviifolius","B",0,0,0,0,0,0,0,0,0,0,0,0.333333333333333,6,2,8,57.6666666666667,0.0568133333333333
"396",2015,"Las mulas","Cistus salviifolius","C",0,0,0,0,0,0,0,0,0,0,0,0.333333333333333,1,1,2,0,0
"397",2016,"Las mulas","Cistus salviifolius","A",0,0,0,0,0,0,0,0,0,0,0,1,1,0,1,23,0.0227366666666667
"398",2016,"Las mulas","Cistus salviifolius","B",0,0,0,0,0,0,0,0,0,0,0,1,3,0,3,43.3333333333333,0.0520566666666667
"399",2017,"Las mulas","Cistus salviifolius","A",4,5,0,0,2,0.0266666666666667,16,0.213333333333333,75,18,0.24,1,4,0,4,55.75,0.0647875
"400",2017,"Las mulas","Cistus salviifolius","B",0,0,0,0,0,0,0,0,0,0,0,1,9,0,9,56,0.065155
"401",2015,"Las mulas","Halimium commutatum","A",0,0,0,0,0,0,0,0,0,0,0,0.133333333333333,2,3,5,1,0.00248333333333333
"402",2015,"Las mulas","Halimium commutatum","B",0,0,0,0,0,0,0,0,0,0,0,0.2,3,2,5,1,0.00328333333333333
"403",2017,"Las mulas","Halimium commutatum","A",0,0,0,0,0,0,0,0,0,0,0,0.818181818181818,9,2,11,1.71428571428571,0.00474
"404",2017,"Las mulas","Halimium commutatum","B",0,0,0,0,0,0,0,0,0,0,0,0.9,9,1,10,1,0.00338090909090909
"405",2016,"Las mulas","Halimium halimifolium","A",0,0,0,0,0,0,0,0,0,0,0,1,2,0,2,23,0.014035
"406",2016,"Las mulas","Halimium halimifolium","B",0,0,0,0,0,0,0,0,0,0,0,1,2,0,2,30,0.0141466666666667
"407",2015,"Las mulas","Lavandula stoechas","A",2,2,0,0,0,0,7,0.0179028132992327,391,7,0.0179028132992327,0.800906483148005,352,88,440,1,0.0004175
"408",2015,"Las mulas","Lavandula stoechas","B",1,2,0,0,0,0,9,0.025,360,9,0.025,0.771142011444136,292,86,378,1.06666666666667,0.000432666666666667
"409",2015,"Las mulas","Lavandula stoechas","C",2,2,0,0,1,0.0036231884057971,3,0.0108695652173913,276,4,0.0144927536231884,0.632127310741092,153,94,247,1,0.0004325
"410",2016,"Las mulas","Lavandula stoechas","A",1,1,0,0,0,0,16,0.0761904761904762,210,16,0.0761904761904762,0.931818181818182,123,9,132,1,0.000684
"411",2016,"Las mulas","Lavandula stoechas","B",1,1,0,0,0,0,16,0.020997375328084,762,16,0.020997375328084,0.944444444444444,102,6,108,0.857142857142857,0.000767142857142857
"412",2017,"Las mulas","Lavandula stoechas","A",2,2,0,0,1,0.00185185185185185,13,0.0240740740740741,540,14,0.0259259259259259,0.517482517482518,74,69,143,1,0.000965
"413",2017,"Las mulas","Lavandula stoechas","B",1,1,0,0,0,0,16,0.064,250,16,0.064,0.795081967213115,97,25,122,1,8e-04
"414",2015,"Las mulas","Rosmarinus officinalis","A",2,2,1,0.00227272727272727,0,0,8,0.0181818181818182,440,9,0.0204545454545455,0,0,0,0,0,0
"415",2015,"Las mulas","Rosmarinus officinalis","B",1,1,0,0,0,0,2,0.008,250,2,0.008,0,0,0,0,0,0
"416",2017,"Las mulas","Rosmarinus officinalis","A",1,1,0,0,0,0,77,0.132758620689655,580,77,0.132758620689655,0,0,0,0,0,0
"417",2017,"Las mulas","Rosmarinus officinalis","B",1,1,0,0,0,0,71,0.129090909090909,550,71,0.129090909090909,0,0,0,0,0,0
"418",2018,"Las mulas","Rosmarinus officinalis","A",2,2,0,0,0,0,81,0.135,600,81,0.135,0,0,0,0,0,0
"419",2018,"Las mulas","Rosmarinus officinalis","B",1,1,0,0,0,0,25,0.0446428571428571,560,25,0.0446428571428571,0,0,0,0,0,0
"420",2018,"Las mulas","Rosmarinus officinalis","C",3,3,0,0,0,0,120,0.171428571428571,700,120,0.171428571428571,0,0,0,0,0,0
"421",2018,"Las mulas","Rosmarinus officinalis","D",1,1,0,0,0,0,45,0.128571428571429,350,45,0.128571428571429,0,0,0,0,0,0
"422",2018,"Las mulas","Rosmarinus officinalis","E",1,1,0,0,0,0,28,0.0622222222222222,450,28,0.0622222222222222,0,0,0,0,0,0
"423",2015,"Niebla","Asphodelus fistulosus","A",0,0,0,0,0,0,0,0,0,0,0,0.697619047619048,50,20,70,1.25,0.0155275
"424",2015,"Niebla","Asphodelus fistulosus","B",2,2,0,0,0,0,2,0.142857142857143,14,2,0.142857142857143,0.947649572649573,67,4,71,2.3,0.025337
"425",2015,"Niebla","Asphodelus fistulosus","C",0,0,0,0,0,0,0,0,0,0,0,0.729859335038363,33,15,48,0,0
"426",2016,"Niebla","Asphodelus fistulosus","A",1,1,0,0,0,0,2,0.0512820512820513,39,2,0.0512820512820513,0.625,5,3,8,4.66666666666667,0.0259433333333333
"427",2016,"Niebla","Asphodelus fistulosus","B",0,1,0,0,0,0,0,0,4,0,0,1,5,0,5,1.57142857142857,0.0137914285714286
"428",2017,"Niebla","Asphodelus fistulosus","C",1,1,0,0,1,0.05,0,0,20,1,0.05,0,0,0,0,0,0
"429",2018,"Niebla","Asphodelus fistulosus","A",3,3,0,0,0,0,32,0.246153846153846,130,32,0.246153846153846,0,0,0,0,0,0
"430",2018,"Niebla","Asphodelus fistulosus","B",3,3,1,0.0166666666666667,0,0,4,0.0666666666666667,60,5,0.0833333333333333,0,0,0,0,0,0
"431",2018,"Niebla","Asphodelus fistulosus","C",4,5,0,0,0,0,18,0.24,75,18,0.24,0,0,0,0,0,0
"432",2018,"Niebla","Asphodelus fistulosus","D",3,3,0,0,0,0,22,0.261904761904762,84,22,0.261904761904762,0,0,0,0,0,0
"433",2018,"Niebla","Asphodelus fistulosus","E",1,2,0,0,0,0,13,0.254901960784314,51,13,0.254901960784314,0,0,0,0,0,0
"434",2015,"Niebla","Cistus crispus","A",0,0,0,0,0,0,0,0,0,0,0,0.592592592592593,11,9,20,32.25,0.01512
"435",2015,"Niebla","Cistus crispus","B",0,0,0,0,0,0,0,0,0,0,0,0.65,6,3,9,37.25,0.0155225
"436",2016,"Niebla","Cistus crispus","A",1,1,0,0,0,0,4,0.4,10,4,0.4,0.8,4,1,5,39.3333333333333,0.0205166666666667
"437",2016,"Niebla","Cistus crispus","B",0,0,0,0,0,0,0,0,0,0,0,1,4,0,4,33.6666666666667,0.0163433333333333
"438",2017,"Niebla","Cistus crispus","A",1,1,0,0,0,0,3,0.157894736842105,19,3,0.157894736842105,0,0,0,0,0,0
"439",2017,"Niebla","Cistus crispus","B",1,1,0,0,0,0,1,0.1,10,1,0.1,0.5,7,7,14,12,0.00592
"440",2018,"Niebla","Cistus crispus","A",3,3,0,0,0,0,17,0.136,125,17,0.136,1,2,0,2,36,0.01774
"441",2018,"Niebla","Cistus crispus","B",2,2,0,0,0,0,15,0.205479452054795,73,15,0.205479452054795,0.666666666666667,4,2,6,34.6666666666667,0.01649
"442",2018,"Niebla","Cistus crispus","C",2,2,2,0.0416666666666667,0,0,3,0.0625,48,5,0.104166666666667,0.8,4,1,5,38.6666666666667,0.02363
"443",2018,"Niebla","Cistus crispus","D",2,2,0,0,0,0,5,0.0961538461538462,52,5,0.0961538461538462,0.6,3,2,5,39,0.02723
"444",2015,"Niebla","Cistus ladanifer","A",3,3,16,0.307692307692308,0,0,1,0.0192307692307692,52,17,0.326923076923077,0,0,3,3,0,0
"445",2015,"Niebla","Cistus ladanifer","B",4,5,0,0,0,0,5,0.0909090909090909,55,5,0.0909090909090909,0.866666666666667,15,2,17,179,0.05577
"446",2015,"Niebla","Cistus ladanifer","C",0,1,0,0,0,0,1,0.142857142857143,7,1,0.142857142857143,1,3,0,3,733,0.22324
"447",2016,"Niebla","Cistus ladanifer","A",0,1,0,0,0,0,2,0.2,10,2,0.2,1,1,0,1,195,0.04808
"448",2016,"Niebla","Cistus ladanifer","B",0,0,0,0,0,0,0,0,0,0,0,1,3,0,3,693,0.138976666666667
"449",2017,"Niebla","Cistus ladanifer","A",2,2,1,0.032258064516129,0,0,1,0.032258064516129,31,2,0.0645161290322581,0,0,0,0,0,0
"450",2017,"Niebla","Cistus ladanifer","B",1,1,1,0.142857142857143,0,0,0,0,7,1,0.142857142857143,0,0,0,0,0,0
"451",2018,"Niebla","Cistus ladanifer","A",0,1,0,0,0,0,4,0.333333333333333,12,4,0.333333333333333,1,1,0,1,408,0.111595
"452",2018,"Niebla","Cistus ladanifer","B",2,2,0,0,0,0,8,0.666666666666667,12,8,0.666666666666667,1,1,0,1,334,0.09403
"453",2018,"Niebla","Cistus ladanifer","C",2,2,0,0,0,0,19,0.351851851851852,54,19,0.351851851851852,1,2,0,2,606.5,0.154005
"454",2018,"Niebla","Cistus ladanifer","D",0,0,0,0,0,0,0,0,0,0,0,1,1,0,1,682,0.13929
"455",2018,"Niebla","Cistus salviifolius","A",0,0,0,0,0,0,0,0,0,0,0,0.666666666666667,2,1,3,37,0.0352133333333333
"456",2018,"Niebla","Cistus salviifolius","B",0,0,0,0,0,0,0,0,0,0,0,0,0,0,0,13,0.01301
"457",2018,"Niebla","Cistus salviifolius","C",0,0,0,0,0,0,0,0,0,0,0,1,3,0,3,43.3333333333333,0.0506666666666667
"458",2018,"Niebla","Cistus salviifolius","D",0,0,0,0,0,0,0,0,0,0,0,1,1,0,1,23,0.01865
"459",2015,"Niebla","Lavandula pedunculata","A",0,0,0,0,0,0,0,0,0,0,0,0.68153271848924,232,106,338,0,0
"460",2015,"Niebla","Lavandula pedunculata","B",0,0,0,0,0,0,0,0,0,0,0,0.835605743230377,247,31,278,1,0.000694166666666667
"461",2015,"Niebla","Lavandula pedunculata","C",0,0,0,0,0,0,0,0,0,0,0,0.801656218042773,312,79,391,1,0.000787777777777778
"462",2016,"Niebla","Lavandula pedunculata","A",1,1,0,0,0,0,4,0.0412371134020619,97,4,0.0412371134020619,0.854700854700855,100,17,117,1,0.0006825
"463",2016,"Niebla","Lavandula pedunculata","B",1,1,0,0,0,0,2,0.0363636363636364,55,2,0.0363636363636364,0.831932773109244,99,20,119,1,0.000562
"464",2017,"Niebla","Lavandula pedunculata","A",0,0,0,0,0,0,0,0,0,0,0,0.691729323308271,92,41,133,1,0.000778888888888889
"465",2017,"Niebla","Lavandula pedunculata","B",0,0,0,0,0,0,0,0,0,0,0,0.536585365853659,44,38,82,1,0.00065625
"466",2018,"Niebla","Lavandula pedunculata","A",2,2,0,0,0,0,5,0.0294117647058824,170,5,0.0294117647058824,0.79,79,21,100,1.33333333333333,9e-04
"467",2018,"Niebla","Lavandula pedunculata","B",4,4,0,0,0,0,13,0.0302325581395349,430,13,0.0302325581395349,0.639344262295082,78,44,122,2.33333333333333,0.00140666666666667
"468",2018,"Niebla","Lavandula pedunculata","C",3,3,0,0,5,0.0290697674418605,3,0.0174418604651163,172,8,0.0465116279069767,0.920792079207921,93,8,101,2,0.00091
"469",2018,"Niebla","Lavandula pedunculata","D",1,1,0,0,0,0,7,0.07,100,7,0.07,0.9,153,17,170,1,0.000863333333333333
"470",2018,"Niebla","Lavandula pedunculata","E",1,1,3,0.01875,0,0,0,0,160,3,0.01875,0,0,0,0,0,0
"471",2015,"Niebla","Lavandula stoechas","A",2,2,0,0,0,0,7,0.0132325141776938,529,7,0.0132325141776938,0,0,0,0,0,0
"472",2015,"Niebla","Lavandula stoechas","B",1,2,0,0,0,0,2,0.0208333333333333,96,2,0.0208333333333333,0,0,0,0,0,0
"473",2017,"Niebla","Lavandula stoechas","A",1,1,0,0,0,0,1,0.01,100,1,0.01,0,0,0,0,0,0
"474",2017,"Niebla","Lavandula stoechas","B",2,2,0,0,0,0,5,0.0166666666666667,300,5,0.0166666666666667,0,0,0,0,0,0
"475",2018,"Niebla","Lavandula stoechas","A",1,1,0,0,0,0,1,0.00181818181818182,550,1,0.00181818181818182,0.971428571428571,102,3,105,1,0.00059
"476",2018,"Niebla","Lavandula stoechas","B",1,1,0,0,0,0,3,0.0107142857142857,280,3,0.0107142857142857,0.977011494252874,85,2,87,1,0.000543333333333333
"477",2018,"Niebla","Lavandula stoechas","C",1,1,0,0,0,0,5,0.02,250,5,0.02,0,0,0,0,0,0
"478",2016,"Pinares de Hinojos","Cistus crispus","A",2,2,1,0.05,0,0,2,0.1,20,3,0.15,0,0,0,0,0,0
"479",2016,"Pinares de Hinojos","Cistus crispus","B",1,1,0,0,0,0,4,0.266666666666667,15,4,0.266666666666667,0,0,0,0,0,0
"480",2015,"Pinares de Hinojos","Cistus salviifolius","A",2,2,1,0.0454545454545455,0,0,1,0.0454545454545455,22,2,0.0909090909090909,0.857142857142857,12,3,15,37.5,0.053585
"481",2015,"Pinares de Hinojos","Cistus salviifolius","B",3,3,10,0.15625,0,0,1,0.015625,64,11,0.171875,1,13,0,13,39.5,0.04573
"482",2015,"Pinares de Hinojos","Cistus salviifolius","C",1,1,0,0,0,0,4,0.444444444444444,9,4,0.444444444444444,0,0,0,0,0,0
"483",2016,"Pinares de Hinojos","Cistus salviifolius","A",1,1,3,0.1875,0,0,0,0,16,3,0.1875,1,2,0,2,38.5,0.047415
"484",2016,"Pinares de Hinojos","Cistus salviifolius","B",0,0,0,0,0,0,0,0,0,0,0,1,2,0,2,24,0.026485
"485",2017,"Pinares de Hinojos","Cistus salviifolius","A",1,1,3,0.25,0,0,0,0,12,3,0.25,0,0,0,0,0,0
"486",2017,"Pinares de Hinojos","Cistus salviifolius","B",1,1,2,0.181818181818182,0,0,0,0,11,2,0.181818181818182,0,0,0,0,0,0
"487",2018,"Pinares de Hinojos","Cistus salviifolius","A",1,1,0,0,0,0,4,0.333333333333333,12,4,0.333333333333333,1,2,0,2,23.5,0.034745
"488",2018,"Pinares de Hinojos","Cistus salviifolius","B",1,1,3,0.3,0,0,0,0,10,3,0.3,1,2,0,2,23,0.03458
"489",2018,"Pinares de Hinojos","Cistus salviifolius","C",0,0,0,0,0,0,0,0,0,0,0,1,2,0,2,34.5,0.049955
"490",2018,"Pinares de Hinojos","Cistus salviifolius","D",0,0,0,0,0,0,0,0,0,0,0,0.625,5,3,8,38.3333333333333,0.03935
"491",2016,"Pinares de Hinojos","Halimium halimifolium","A",0,0,0,0,0,0,0,0,0,0,0,1,5,0,5,27,0.0116233333333333
"492",2017,"Pinares de Hinojos","Halimium halimifolium","A",0,0,0,0,0,0,0,0,0,0,0,0.8,4,1,5,41.6666666666667,0.0151733333333333
"493",2017,"Pinares de Hinojos","Halimium halimifolium","B",1,1,0,0,0,0,1,0.5,2,1,0.5,1,9,0,9,33,0.01264
"494",2018,"Pinares de Hinojos","Halimium halimifolium","A",1,1,5,0.128205128205128,0,0,0,0,39,5,0.128205128205128,0.571428571428571,4,3,7,41.3333333333333,0.01804
"495",2018,"Pinares de Hinojos","Halimium halimifolium","B",4,4,1,0.00943396226415094,0,0,6,0.0566037735849057,106,7,0.0660377358490566,0.4,2,3,5,35,0.01393
"496",2018,"Pinares de Hinojos","Halimium halimifolium","C",5,5,3,0.0265486725663717,4,0.0353982300884956,2,0.0176991150442478,113,9,0.079646017699115,0.714285714285714,5,2,7,19.3333333333333,0.00918
"497",2018,"Pinares de Hinojos","Halimium halimifolium","D",1,1,1,0.0303030303030303,0,0,0,0,33,1,0.0303030303030303,0.5,2,2,4,18.5,0.00847
"498",2018,"Pinares de Hinojos","Rosmarinus officinalis","E",1,1,0,0,0,0,16,0.08,200,16,0.08,0,0,0,0,0,0
"499",2015,"Pino del Cuervo","Asphodelus fistulosus","A",2,3,0,0,0,0,4,0.0833333333333333,48,4,0.0833333333333333,0.292929292929293,18,47,65,6,0.014036
"500",2015,"Pino del Cuervo","Asphodelus fistulosus","B",3,4,0,0,0,0,6,0.0740740740740741,81,6,0.0740740740740741,0.0883838383838384,3,36,39,0,0
"501",2015,"Pino del Cuervo","Cistus crispus","A",0,0,0,0,0,0,0,0,0,0,0,0.523809523809524,14,14,28,12.1666666666667,0.00618666666666667
"502",2015,"Pino del Cuervo","Cistus crispus","B",0,0,0,0,0,0,0,0,0,0,0,0.8,12,3,15,39.4,0.015832
"503",2016,"Pino del Cuervo","Cistus crispus","A",0,2,0,0,2,0.153846153846154,4,0.307692307692308,13,6,0.461538461538462,1,6,0,6,21.6666666666667,0.0121833333333333
"504",2016,"Pino del Cuervo","Cistus crispus","B",0,1,0,0,2,0.4,0,0,5,2,0.4,0.6,6,4,10,36.3333333333333,0.0168666666666667
"505",2017,"Pino del Cuervo","Cistus crispus","A",0,0,0,0,0,0,0,0,0,0,0,0.75,6,2,8,49.3333333333333,0.0264266666666667
"506",2017,"Pino del Cuervo","Cistus crispus","B",0,0,0,0,0,0,0,0,0,0,0,0.5,5,5,10,26,0.0131366666666667
"507",2018,"Pino del Cuervo","Cistus crispus","A",3,3,0,0,0,0,19,0.213483146067416,89,19,0.213483146067416,1,8,0,8,44,0.0241666666666667
"508",2018,"Pino del Cuervo","Cistus crispus","B",2,2,0,0,1,0.0454545454545455,4,0.181818181818182,22,5,0.227272727272727,0.714285714285714,5,2,7,29.6666666666667,0.0144866666666667
"509",2018,"Pino del Cuervo","Cistus crispus","C",1,1,0,0,0,0,2,0.5,4,2,0.5,0.75,3,1,4,43.6666666666667,0.0229733333333333
"510",2018,"Pino del Cuervo","Cistus crispus","D",1,1,0,0,2,0.166666666666667,0,0,12,2,0.166666666666667,1,2,0,2,40.3333333333333,0.0177333333333333
"511",2015,"Pino del Cuervo","Cistus ladanifer","A",0,0,0,0,0,0,0,0,0,0,0,0.944444444444444,9,1,10,348.2,0.114244
"512",2015,"Pino del Cuervo","Cistus ladanifer","B",2,2,0,0,0,0,2,0.25,8,2,0.25,1,10,0,10,360.666666666667,0.131103333333333
"513",2015,"Pino del Cuervo","Cistus ladanifer","C",0,0,0,0,0,0,0,0,0,0,0,0.944444444444444,8,1,9,308,0.113835
"514",2016,"Pino del Cuervo","Cistus ladanifer","A",1,1,0,0,0,0,1,1,1,1,1,1,1,0,1,929,0.27028
"515",2016,"Pino del Cuervo","Cistus ladanifer","B",0,0,0,0,0,0,0,0,0,0,0,0,0,0,0,352,0.13131
"516",2017,"Pino del Cuervo","Cistus ladanifer","A",2,2,0,0,1,0.2,1,0.2,5,2,0.4,1,1,0,1,481.5,0.141975
"517",2017,"Pino del Cuervo","Cistus ladanifer","B",2,2,1,0.5,0,0,1,0.5,2,2,1,1,3,0,3,601.5,0.22492
"518",2016,"Pino del Cuervo","Cistus salviifolius","A",0,0,0,0,0,0,0,0,0,0,0,0,0,0,0,15,0.01065
"519",2016,"Pino del Cuervo","Cistus salviifolius","B",0,0,0,0,0,0,0,0,0,0,0,0,0,0,0,13,0.01786
"520",2017,"Pino del Cuervo","Cistus salviifolius","A",1,1,0,0,0,0,1,0.2,5,1,0.2,0.666666666666667,2,1,3,52,0.050335
"521",2017,"Pino del Cuervo","Cistus salviifolius","B",0,0,0,0,0,0,0,0,0,0,0,1,3,0,3,68.3333333333333,0.0617666666666667
"522",2017,"Pino del Cuervo","Cistus salviifolius","C",0,0,0,0,0,0,0,0,0,0,0,1,5,0,5,62.6666666666667,0.0667
"523",2018,"Pino del Cuervo","Cistus salviifolius","A",0,0,0,0,0,0,0,0,0,0,0,1,2,0,2,52.5,0.058715
"524",2018,"Pino del Cuervo","Cistus salviifolius","B",0,0,0,0,0,0,0,0,0,0,0,1,1,0,1,27,0.02877
"525",2018,"Pino del Cuervo","Cistus salviifolius","C",0,0,0,0,0,0,0,0,0,0,0,1,2,0,2,32.3333333333333,0.0307933333333333
"526",2018,"Pino del Cuervo","Cistus salviifolius","D",0,0,0,0,0,0,0,0,0,0,0,0,0,0,0,11,0.01087
"527",2015,"Pino del Cuervo","Halimium commutatum","A",0,0,0,0,0,0,0,0,0,0,0,0.722222222222222,5,2,7,1,0.0036425
"528",2015,"Pino del Cuervo","Halimium commutatum","B",0,0,0,0,0,0,0,0,0,0,0,0.4,6,8,14,1.17647058823529,0.00374588235294118
"529",2017,"Pino del Cuervo","Halimium commutatum","B",2,2,1,0.02,0,0,1,0.02,50,2,0.04,0,0,0,0,0,0
"530",2017,"Pino del Cuervo","Halimium commutatum","C",1,1,0,0,0,0,1,0.0666666666666667,15,1,0.0666666666666667,0,0,0,0,0,0
"531",2017,"Pino del Cuervo","Halimium halimifolium","A",0,0,0,0,0,0,0,0,0,0,0,1,5,0,5,11.6666666666667,0.00602
"532",2017,"Pino del Cuervo","Halimium halimifolium","B",0,0,0,0,0,0,0,0,0,0,0,1,6,0,6,10,0.00513666666666667
"533",2018,"Pino del Cuervo","Halimium halimifolium","A",2,2,1,0.0357142857142857,0,0,5,0.178571428571429,28,6,0.214285714285714,1,2,0,2,24.5,0.01579
"534",2018,"Pino del Cuervo","Halimium halimifolium","B",1,1,0,0,3,0.1875,0,0,16,3,0.1875,0.666666666666667,2,1,3,14,0.00244
"535",2018,"Pino del Cuervo","Halimium halimifolium","C",2,2,1,0.00515463917525773,0,0,8,0.0412371134020619,194,9,0.0463917525773196,1,4,0,4,26,0.0146333333333333
"536",2018,"Pino del Cuervo","Halimium halimifolium","D",0,0,0,0,0,0,0,0,0,0,0,1,3,0,3,27.3333333333333,0.01465
"537",2015,"Pino del Cuervo","Lavandula stoechas","A",2,2,2,0.0141843971631206,0,0,4,0.0283687943262411,141,6,0.0425531914893617,0,0,0,0,0,0
"538",2015,"Pino del Cuervo","Lavandula stoechas","B",2,2,0,0,0,0,2,0.0240963855421687,83,2,0.0240963855421687,0,0,0,0,0,0
"539",2016,"Pino del Cuervo","Lavandula stoechas","A",1,1,0,0,0,0,3,0.0121457489878543,247,3,0.0121457489878543,0.954198473282443,125,6,131,1,0.000335714285714286
"540",2016,"Pino del Cuervo","Lavandula stoechas","B",0,0,0,0,0,0,0,0,0,0,0,0.896907216494845,87,10,97,1,0.000717142857142857
"541",2018,"Pino del Cuervo","Lavandula stoechas","A",0,0,0,0,0,0,0,0,0,0,0,0.775510204081633,76,22,98,1.33333333333333,0.000636666666666667
"542",2018,"Pino del Cuervo","Lavandula stoechas","B",0,0,0,0,0,0,0,0,0,0,0,0.706896551724138,41,17,58,2.33333333333333,0.00117
"543",2018,"Pino del Cuervo","Lavandula stoechas","C",0,0,0,0,0,0,0,0,0,0,0,0.543478260869565,25,21,46,2,0.000966666666666667
"544",2018,"Pino del Cuervo","Lavandula stoechas","D",0,0,0,0,0,0,0,0,0,0,0,0,0,15,15,0,0
"545",2015,"Pino del Cuervo","Rosmarinus officinalis","A",0,0,0,0,0,0,0,0,0,0,0,0.846867007672634,115,23,138,1,0.000797777777777778
"546",2015,"Pino del Cuervo","Rosmarinus officinalis","B",0,0,0,0,0,0,0,0,0,0,0,0.306140350877193,21,56,77,1,0.001315
"547",2017,"Pino del Cuervo","Rosmarinus officinalis","A",2,3,0,0,0,0,9,0.0115384615384615,780,9,0.0115384615384615,0,0,0,0,0,0
"548",2017,"Pino del Cuervo","Rosmarinus officinalis","B",3,4,0,0,5,0.00561797752808989,9,0.0101123595505618,890,14,0.0157303370786517,0,0,0,0,0,0
"549",2018,"Pino del Cuervo","Rosmarinus officinalis","A",4,4,1,0.00285714285714286,0,0,26,0.0742857142857143,350,27,0.0771428571428571,0,0,0,0,0,0
"550",2018,"Pino del Cuervo","Rosmarinus officinalis","B",4,5,0,0,0,0,85,0.0691056910569106,1230,85,0.0691056910569106,0,0,0,0,0,0
"551",2018,"Pino del Cuervo","Rosmarinus officinalis","C",3,3,0,0,0,0,20,0.0615384615384615,325,20,0.0615384615384615,0,0,0,0,0,0
"552",2018,"Pino del Cuervo","Rosmarinus officinalis","D",1,1,2,0.04,0,0,0,0,50,2,0.04,0,0,0,0,0,0
"553",2016,"Urbanizaciones","Cistus crispus","A",0,0,0,0,0,0,0,0,0,0,0,0.75,6,2,8,44.6666666666667,0.0241733333333333
"554",2016,"Urbanizaciones","Cistus crispus","B",0,0,0,0,0,0,0,0,0,0,0,0.857142857142857,6,1,7,29.3333333333333,0.0142633333333333
"555",2017,"Urbanizaciones","Cistus crispus","A",2,2,0,0,0,0,3,0.075,40,3,0.075,0.333333333333333,1,2,3,24,0.012935
"556",2017,"Urbanizaciones","Cistus crispus","B",3,3,0,0,0,0,6,0.109090909090909,55,6,0.109090909090909,0.75,3,1,4,28,0.0127966666666667
"557",2018,"Urbanizaciones","Cistus crispus","A",5,5,0,0,0,0,38,0.231707317073171,164,38,0.231707317073171,1,7,0,7,31.6666666666667,0.01852
"558",2018,"Urbanizaciones","Cistus crispus","B",5,7,0,0,0,0,51,0.172297297297297,296,51,0.172297297297297,0,0,7,7,19,0.00982
"559",2018,"Urbanizaciones","Cistus crispus","C",4,4,0,0,2,0.0087719298245614,48,0.210526315789474,228,50,0.219298245614035,0.555555555555556,5,4,9,16.3333333333333,0.0103733333333333
"560",2018,"Urbanizaciones","Cistus crispus","D",0,0,0,0,0,0,0,0,0,0,0,0,0,4,4,0,0
"561",2018,"Urbanizaciones","Cistus crispus","E",1,1,0,0,0,0,7,0.4375,16,7,0.4375,0,0,0,0,0,0
"562",2015,"Urbanizaciones","Cistus salviifolius","A",1,1,10,2.5,0,0,0,0,4,10,2.5,0.777777777777778,5,2,7,64.6666666666667,0.0573066666666667
"563",2015,"Urbanizaciones","Cistus salviifolius","B",1,1,1,0.5,0,0,0,0,2,1,0.5,1,18,0,18,46,0.05639
"564",2016,"Urbanizaciones","Cistus salviifolius","A",1,1,0,0,1,0.111111111111111,0,0,9,1,0.111111111111111,1,2,0,2,44,0.04506
"565",2016,"Urbanizaciones","Cistus salviifolius","B",0,0,0,0,0,0,0,0,0,0,0,1,4,0,4,39,0.0402
"566",2018,"Urbanizaciones","Cistus salviifolius","A",2,2,3,0.0789473684210526,0,0,2,0.0526315789473684,38,5,0.131578947368421,1,4,0,4,45,0.0546233333333333
"567",2018,"Urbanizaciones","Cistus salviifolius","B",0,0,0,0,0,0,0,0,0,0,0,1,4,0,4,59,0.07301
"568",2018,"Urbanizaciones","Cistus salviifolius","C",1,1,1,0.5,0,0,0,0,2,1,0.5,1,1,0,1,51,0.054785
"569",2018,"Urbanizaciones","Cistus salviifolius","D",1,1,0,0,0,0,1,0.25,4,1,0.25,1,4,0,4,32.5,0.03641
"570",2018,"Urbanizaciones","Cistus salviifolius","E",3,3,2,0.0444444444444444,0,0,2,0.0444444444444444,45,4,0.0888888888888889,0,0,0,0,0,0
"571",2015,"Urbanizaciones","Halimium commutatum","A",1,1,0,0,0,0,1,0.0114942528735632,87,1,0.0114942528735632,0.333333333333333,7,5,12,1,0.0020275
"572",2015,"Urbanizaciones","Halimium commutatum","B",0,0,0,0,0,0,0,0,0,0,0,0,0,3,3,0,0
"573",2015,"Urbanizaciones","Halimium commutatum","C",0,0,0,0,0,0,0,0,0,0,0,0.2,3,2,5,0,0
"574",2015,"Urbanizaciones","Halimium commutatum","D",0,0,0,0,0,0,0,0,0,0,0,0.111111111111111,1,2,3,0,0
"575",2016,"Urbanizaciones","Halimium commutatum","A",0,0,0,0,0,0,0,0,0,0,0,0,0,0,0,1,0.00159666666666667
"576",2016,"Urbanizaciones","Halimium commutatum","B",1,1,0,0,1,0.0625,0,0,16,1,0.0625,0,0,0,0,0,0
"577",2017,"Urbanizaciones","Halimium commutatum","A",0,0,0,0,0,0,0,0,0,0,0,1,4,0,4,1,0.002905
"578",2017,"Urbanizaciones","Halimium commutatum","B",0,0,0,0,0,0,0,0,0,0,0,1,7,0,7,1,0.003205
"579",2018,"Urbanizaciones","Halimium commutatum","A",2,2,1,0.0166666666666667,0,0,5,0.0833333333333333,60,6,0.1,0,0,0,0,0,0
"580",2016,"Urbanizaciones","Halimium halimifolium","A",0,0,0,0,0,0,0,0,0,0,0,0.5,2,2,4,35,0.003935
"581",2016,"Urbanizaciones","Halimium halimifolium","B",0,0,0,0,0,0,0,0,0,0,0,0.666666666666667,2,1,3,26,0.009045
"582",2018,"Urbanizaciones","Halimium halimifolium","A",2,2,0,0,0,0,4,0.0303030303030303,132,4,0.0303030303030303,0.666666666666667,2,1,3,23.5,0.05513
"583",2018,"Urbanizaciones","Halimium halimifolium","B",2,2,1,0.0526315789473684,0,0,4,0.210526315789474,19,5,0.263157894736842,1,4,0,4,12.3333333333333,0.00811
"584",2018,"Urbanizaciones","Halimium halimifolium","C",1,1,1,0.0476190476190476,0,0,0,0,21,1,0.0476190476190476,0.8,4,1,5,30.3333333333333,0.0154833333333333
"585",2018,"Urbanizaciones","Halimium halimifolium","D",0,0,0,0,0,0,0,0,0,0,0,0.75,3,1,4,26,0.0163333333333333
"586",2016,"Urbanizaciones","Lavandula pedunculata","A",2,3,0,0,0,0,17,0.0354166666666667,480,17,0.0354166666666667,0.917808219178082,67,6,73,1,0.000405714285714286
"587",2016,"Urbanizaciones","Lavandula pedunculata","B",3,3,0,0,6,0.0101351351351351,34,0.0574324324324324,592,40,0.0675675675675676,0,0,0,0,0,0
"588",2018,"Urbanizaciones","Lavandula pedunculata","A",1,1,0,0,0,0,26,0.018978102189781,1370,26,0.018978102189781,0.766129032258065,95,29,124,2,0.00123
"589",2018,"Urbanizaciones","Lavandula pedunculata","B",4,4,12,0.00338983050847458,0,0,31,0.00875706214689266,3540,43,0.0121468926553672,0.924528301886792,147,12,159,3,0.00131333333333333
"590",2018,"Urbanizaciones","Lavandula pedunculata","C",0,0,0,0,0,0,0,0,0,0,0,0.831932773109244,99,20,119,2.66666666666667,0.00169333333333333
"591",2018,"Urbanizaciones","Lavandula pedunculata","D",2,2,0,0,0,0,14,0.0233333333333333,600,14,0.0233333333333333,0.754385964912281,86,28,114,3.33333333333333,0.00176666666666667
"592",2015,"Urbanizaciones","Lavandula stoechas","A",4,5,0,0,1,0.00409836065573771,8,0.0327868852459016,244,9,0.0368852459016393,0.731494059791606,360,131,491,1,0.00048125
"593",2015,"Urbanizaciones","Lavandula stoechas","B",1,1,0,0,0,0,1,0.0256410256410256,39,1,0.0256410256410256,0.742144175831868,370,128,498,1,0.000658
"594",2015,"Urbanizaciones","Lavandula stoechas","C",2,2,0,0,0,0,2,0.0072202166064982,277,2,0.0072202166064982,0.293778291232829,101,243,344,0,0
"595",2016,"Urbanizaciones","Lavandula stoechas","A",0,0,0,0,0,0,0,0,0,0,0,0.793478260869565,73,19,92,1,0.00029
"596",2016,"Urbanizaciones","Lavandula stoechas","B",1,1,0,0,0,0,4,0.117647058823529,34,4,0.117647058823529,0.9609375,123,5,128,1,0.000345
"597",2017,"Urbanizaciones","Lavandula stoechas","A",2,2,0,0,3,0.0272727272727273,2,0.0181818181818182,110,5,0.0454545454545455,0,0,0,0,0,0
"598",2017,"Urbanizaciones","Lavandula stoechas","B",2,2,0,0,1,0.025,1,0.025,40,2,0.05,0,0,0,0,0,0
"599",2015,"Urbanizaciones","Rosmarinus officinalis","A",1,1,0,0,0,0,1,0.1,10,1,0.1,0.944444444444444,52,2,54,1,0.00103375
"600",2015,"Urbanizaciones","Rosmarinus officinalis","B",1,1,0,0,0,0,1,0.1,10,1,0.1,0.936587891912249,83,5,88,1,0.000572857142857143
"601",2015,"Urbanizaciones","Rosmarinus officinalis","C",0,0,0,0,0,0,0,0,0,0,0,0.708931419457735,75,26,101,1,0.000348
"602",2016,"Urbanizaciones","Rosmarinus officinalis","A",1,1,0,0,0,0,1,0.0166666666666667,60,1,0.0166666666666667,0,0,0,0,0,0
"603",2017,"Urbanizaciones","Rosmarinus officinalis","A",1,1,0,0,0,0,16,0.0390243902439024,410,16,0.0390243902439024,0,0,2,2,0,0
"604",2017,"Urbanizaciones","Rosmarinus officinalis","B",2,3,0,0,0,0,31,0.0191358024691358,1620,31,0.0191358024691358,0,0,26,26,0,0
"605",2017,"Urbanizaciones","Rosmarinus officinalis","C",1,1,0,0,0,0,23,0.0383333333333333,600,23,0.0383333333333333,0,0,40,40,0,0
"606",2018,"Urbanizaciones","Rosmarinus officinalis","A",2,2,0,0,2,0.00203045685279188,132,0.134010152284264,985,134,0.136040609137056,0,0,0,0,0,0
"607",2018,"Urbanizaciones","Rosmarinus officinalis","B",2,3,0,0,0,0,85,0.0926935659760087,917,85,0.0926935659760087,0,0,0,0,0,0
"608",2018,"Urbanizaciones","Rosmarinus officinalis","C",2,2,0,0,0,0,96,0.133704735376045,718,96,0.133704735376045,0,0,0,0,0,0
"609",2018,"Urbanizaciones","Rosmarinus officinalis","D",2,2,0,0,0,0,57,0.095,600,57,0.095,0,0,0,0,0,0
"610",2015,"Villamanrique este","Cistus crispus","A",1,3,0,0,1,0.037037037037037,2,0.0740740740740741,27,3,0.111111111111111,0,0,0,0,0,0
"611",2015,"Villamanrique este","Cistus crispus","B",1,1,0,0,0,0,1,0.0555555555555556,18,1,0.0555555555555556,0,0,0,0,0,0
"612",2016,"Villamanrique este","Cistus crispus","A",3,5,0,0,2,0.0666666666666667,10,0.333333333333333,30,12,0.4,1,4,0,4,46,0.022775
"613",2016,"Villamanrique este","Cistus crispus","B",0,0,0,0,0,0,0,0,0,0,0,0.428571428571429,3,4,7,33.3333333333333,0.00914
"614",2017,"Villamanrique este","Cistus crispus","A",2,2,0,0,2,0.0555555555555556,2,0.0555555555555556,36,4,0.111111111111111,0.75,3,1,4,32,0.0161233333333333
"615",2017,"Villamanrique este","Cistus crispus","B",2,2,0,0,0,0,2,0.0666666666666667,30,2,0.0666666666666667,1,2,0,2,34.3333333333333,0.0160966666666667
"616",2018,"Villamanrique este","Cistus crispus","A",2,2,0,0,0,0,20,0.434782608695652,46,20,0.434782608695652,0.888888888888889,8,1,9,43,0.02419
"617",2018,"Villamanrique este","Cistus crispus","B",2,2,0,0,0,0,26,0.371428571428571,70,26,0.371428571428571,0.75,6,2,8,35.3333333333333,0.0201533333333333
"618",2018,"Villamanrique este","Cistus crispus","C",2,2,0,0,0,0,12,0.117647058823529,102,12,0.117647058823529,1,10,0,10,32,0.01966
"619",2018,"Villamanrique este","Cistus crispus","D",0,0,0,0,0,0,0,0,0,0,0,0.8,4,1,5,33,0.0147333333333333
"620",2015,"Villamanrique este","Cistus ladanifer","A",1,1,1,0.333333333333333,0,0,0,0,3,1,0.333333333333333,0,0,0,0,0,0
"621",2015,"Villamanrique este","Cistus ladanifer","B",1,1,0,0,0,0,1,0.142857142857143,7,1,0.142857142857143,0,0,0,0,0,0
"622",2015,"Villamanrique este","Cistus ladanifer","C",2,2,0,0,0,0,2,0.4,5,2,0.4,0,0,0,0,0,0
"623",2016,"Villamanrique este","Cistus ladanifer","A",2,2,0,0,1,0.5,1,0.5,2,2,1,1,2,0,2,347.25,0.0925525
"624",2016,"Villamanrique este","Cistus ladanifer","B",0,0,0,0,0,0,0,0,0,0,0,1,1,0,1,594,0.19542
"625",2017,"Villamanrique este","Cistus ladanifer","B",1,1,0,0,0,0,1,0.333333333333333,3,1,0.333333333333333,0,0,0,0,0,0
"626",2015,"Villamanrique este","Cistus salviifolius","A",2,2,5,1,0,0,0,0,5,5,1,0.533333333333333,6,3,9,40.2,0.045562
"627",2015,"Villamanrique este","Cistus salviifolius","B",2,2,0,0,0,0,2,0.181818181818182,11,2,0.181818181818182,0,0,0,0,0,0
"628",2015,"Villamanrique este","Cistus salviifolius","C",2,2,0,0,0,0,3,0.75,4,3,0.75,0,0,0,0,0,0
"629",2016,"Villamanrique este","Cistus salviifolius","A",3,4,1,0.0909090909090909,0,0,4,0.363636363636364,11,5,0.454545454545455,1,3,0,3,36.75,0.0338575
"630",2016,"Villamanrique este","Cistus salviifolius","B",0,0,0,0,0,0,0,0,0,0,0,1,1,0,1,29,0.031455
"631",2017,"Villamanrique este","Cistus salviifolius","A",1,2,0,0,0,0,11,0.333333333333333,33,11,0.333333333333333,1,1,0,1,30,0.0402533333333333
"632",2017,"Villamanrique este","Cistus salviifolius","B",2,2,1,0.0588235294117647,2,0.117647058823529,0,0,17,3,0.176470588235294,1,2,0,2,62,0.07578
"633",2017,"Villamanrique este","Cistus salviifolius","C",1,1,0,0,0,0,1,0.0909090909090909,11,1,0.0909090909090909,0,0,0,0,0,0
"634",2015,"Villamanrique este","Lavandula stoechas","A",1,1,0,0,0,0,1,0.037037037037037,27,1,0.037037037037037,0,0,0,0,0,0
"635",2015,"Villamanrique este","Lavandula stoechas","B",1,1,0,0,0,0,2,0.0327868852459016,61,2,0.0327868852459016,0,0,0,0,0,0
"636",2015,"Villamanrique este","Lavandula stoechas","C",1,1,0,0,0,0,7,0.142857142857143,49,7,0.142857142857143,0,0,0,0,0,0
"637",2016,"Villamanrique este","Rosmarinus officinalis","A",2,2,0,0,0,0,3,0.075,40,3,0.075,0,0,0,0,0,0
"638",2017,"Villamanrique este","Rosmarinus officinalis","A",1,1,0,0,0,0,14,0.056,250,14,0.056,0,0,0,0,0,0
"639",2017,"Villamanrique este","Rosmarinus officinalis","B",1,1,0,0,0,0,23,0.0442307692307692,520,23,0.0442307692307692,0,0,0,0,0,0
"640",2017,"Villamanrique este","Rosmarinus officinalis","C",2,2,0,0,1,0.00166666666666667,53,0.0883333333333333,600,54,0.09,0,0,0,0,0,0
"641",2018,"Villamanrique este","Rosmarinus officinalis","A",1,1,0,0,0,0,3,0.15,20,3,0.15,0,0,0,0,0,0
"642",2015,"Villamanrique sur","Cistus crispus","A",3,3,0,0,0,0,3,0.0714285714285714,42,3,0.0714285714285714,0.25,6,6,12,0,0
"643",2015,"Villamanrique sur","Cistus crispus","B",0,0,0,0,0,0,0,0,0,0,0,0.701388888888889,17,8,25,39.6666666666667,0.0197133333333333
"644",2017,"Villamanrique sur","Cistus crispus","A",1,2,0,0,0,0,5,0.151515151515152,33,5,0.151515151515152,0.857142857142857,6,1,7,47.6666666666667,0.0268266666666667
"645",2017,"Villamanrique sur","Cistus crispus","B",1,1,0,0,0,0,15,1,15,15,1,1,3,0,3,36,0.0221266666666667
"646",2018,"Villamanrique sur","Cistus crispus","A",3,4,0,0,0,0,23,0.182539682539683,126,23,0.182539682539683,1,5,0,5,31.6666666666667,0.01734
"647",2018,"Villamanrique sur","Cistus crispus","B",4,4,0,0,0,0,26,0.262626262626263,99,26,0.262626262626263,0.833333333333333,5,1,6,31,0.01748
"648",2018,"Villamanrique sur","Cistus crispus","C",4,5,0,0,0,0,24,0.311688311688312,77,24,0.311688311688312,0.75,6,2,8,35.6666666666667,0.0184066666666667
"649",2018,"Villamanrique sur","Cistus crispus","D",4,4,0,0,0,0,24,0.244897959183673,98,24,0.244897959183673,0.666666666666667,2,1,3,34.5,0.02021
"650",2015,"Villamanrique sur","Cistus ladanifer","A",1,1,0,0,0,0,2,0.666666666666667,3,2,0.666666666666667,0.2,3,3,6,495.5,0.155755
"651",2015,"Villamanrique sur","Cistus ladanifer","B",0,0,0,0,0,0,0,0,0,0,0,0.444444444444444,2,3,5,368,0.116565
"652",2015,"Villamanrique sur","Cistus ladanifer","C",1,1,1,1,0,0,0,0,1,1,1,0.5,7,1,8,0,0
"653",2016,"Villamanrique sur","Cistus ladanifer","A",3,3,1,0.142857142857143,2,0.285714285714286,0,0,7,3,0.428571428571429,1,3,0,3,316,0.114933333333333
"654",2016,"Villamanrique sur","Cistus ladanifer","B",1,1,0,0,0,0,7,0.777777777777778,9,7,0.777777777777778,1,2,0,2,211.333333333333,0.0729833333333333
"655",2017,"Villamanrique sur","Cistus ladanifer","A",1,1,0,0,0,0,2,1,2,2,1,0,0,0,0,0,0
"656",2017,"Villamanrique sur","Cistus ladanifer","B",1,1,0,0,0,0,18,6,3,18,6,0,0,0,0,0,0
"657",2015,"Villamanrique sur","Cistus salviifolius","A",1,1,0,0,0,0,1,0.05,20,1,0.05,0,0,0,0,0,0
"658",2015,"Villamanrique sur","Cistus salviifolius","B",2,2,0,0,0,0,2,0.0952380952380952,21,2,0.0952380952380952,0,0,0,0,0,0
"659",2015,"Villamanrique sur","Cistus salviifolius","C",1,1,0,0,0,0,2,0.111111111111111,18,2,0.111111111111111,0,0,0,0,0,0
"660",2016,"Villamanrique sur","Cistus salviifolius","A",1,1,0,0,0,0,9,2.25,4,9,2.25,0,0,0,0,10.5,0.01584
"661",2016,"Villamanrique sur","Cistus salviifolius","B",0,0,0,0,0,0,0,0,0,0,0,1,2,0,2,13.5,0.0218
"662",2017,"Villamanrique sur","Cistus salviifolius","A",1,1,1,0.0833333333333333,0,0,0,0,12,1,0.0833333333333333,0,0,0,0,0,0
"663",2018,"Villamanrique sur","Cistus salviifolius","A",0,0,0,0,0,0,0,0,0,0,0,0,0,0,0,0,0
"664",2018,"Villamanrique sur","Cistus salviifolius","B",0,0,0,0,0,0,0,0,0,0,0,1,1,0,1,0,0
"665",2018,"Villamanrique sur","Cistus salviifolius","C",0,0,0,0,0,0,0,0,0,0,0,0,0,0,0,0,0
"666",2018,"Villamanrique sur","Cistus salviifolius","D",0,0,0,0,0,0,0,0,0,0,0,1,2,0,2,32,0.0367766666666667
"667",2015,"Villamanrique sur","Halimium commutatum","A",2,2,0,0,0,0,2,0.0384615384615385,52,2,0.0384615384615385,0,0,0,0,0,0
"668",2015,"Villamanrique sur","Halimium commutatum","B",1,1,0,0,0,0,1,0.0909090909090909,11,1,0.0909090909090909,0,0,0,0,0,0
"669",2015,"Villamanrique sur","Halimium halimifolium","A",0,0,0,0,0,0,0,0,0,0,0,0.62962962962963,19,12,31,17,0.006014
"670",2015,"Villamanrique sur","Halimium halimifolium","B",0,0,0,0,0,0,0,0,0,0,0,0.470695970695971,19,21,40,19.2,0.006682
"671",2016,"Villamanrique sur","Halimium halimifolium","A",0,0,0,0,0,0,0,0,0,0,0,1,5,0,5,21,0.009178
"672",2016,"Villamanrique sur","Halimium halimifolium","B",0,0,0,0,0,0,0,0,0,0,0,0.5,2,2,4,17,0.007085
"673",2017,"Villamanrique sur","Halimium halimifolium","A",0,0,0,0,0,0,0,0,0,0,0,0.833333333333333,5,1,6,28,0.0139133333333333
"674",2017,"Villamanrique sur","Halimium halimifolium","B",0,0,0,0,0,0,0,0,0,0,0,0.75,3,1,4,16,0.00557
"675",2018,"Villamanrique sur","Halimium halimifolium","A",0,0,0,0,0,0,0,0,0,0,0,1,5,0,5,25.3333333333333,0.01169
"676",2018,"Villamanrique sur","Halimium halimifolium","B",0,0,0,0,0,0,0,0,0,0,0,1,2,0,2,17,0.01009
"677",2018,"Villamanrique sur","Halimium halimifolium","C",0,0,0,0,0,0,0,0,0,0,0,1,6,0,6,24.3333333333333,0.01464
"678",2018,"Villamanrique sur","Halimium halimifolium","D",0,0,0,0,0,0,0,0,0,0,0,1,3,0,3,19,0.0109866666666667
"679",2017,"Villamanrique sur","Lavandula pedunculata","A",0,0,0,0,0,0,0,0,0,0,0,0.676923076923077,88,42,130,1,0.000525
"680",2017,"Villamanrique sur","Lavandula pedunculata","B",0,0,0,0,0,0,0,0,0,0,0,0.84,105,20,125,1,8e-04
"681",2015,"Villamanrique sur","Lavandula stoechas","A",3,3,0,0,0,0,15,0.0793650793650794,189,15,0.0793650793650794,0.292682926829268,108,15,123,1,0.000601428571428571
"682",2015,"Villamanrique sur","Lavandula stoechas","B",1,1,0,0,0,0,16,0.246153846153846,65,16,0.246153846153846,0.557662658032686,311,61,372,1,0.0010925
"683",2015,"Villamanrique sur","Lavandula stoechas","C",1,1,0,0,0,0,1,0.0357142857142857,28,1,0.0357142857142857,0,0,0,0,0,0
"684",2017,"Villamanrique sur","Lavandula stoechas","A",2,2,0,0,0,0,11,0.11,100,11,0.11,0,0,0,0,0,0
"685",2016,"Villamanrique sur","Rosmarinus officinalis","A",3,4,0,0,0,0,72,0.00477453580901857,15080,72,0.00477453580901857,0.5,3,3,6,1,0.000464285714285714
"686",2016,"Villamanrique sur","Rosmarinus officinalis","B",1,2,0,0,0,0,6,0.0142857142857143,420,6,0.0142857142857143,1,1,0,1,1,0.000215
"687",2017,"Villamanrique sur","Rosmarinus officinalis","A",2,2,0,0,1,0.000970873786407767,124,0.120388349514563,1030,125,0.121359223300971,0,0,0,0,0,0
"688",2017,"Villamanrique sur","Rosmarinus officinalis","B",1,1,0,0,0,0,167,0.334,500,167,0.334,0,0,0,0,0,0
"689",2017,"Villamanrique sur","Rosmarinus officinalis","C",2,2,0,0,0,0,145,0.156756756756757,925,145,0.156756756756757,0,0,0,0,0,0
"690",2018,"Villamanrique sur","Rosmarinus officinalis","A",2,2,0,0,0,0,207,0.356896551724138,580,207,0.356896551724138,0,0,0,0,0,0
"691",2018,"Villamanrique sur","Rosmarinus officinalis","B",1,1,0,0,0,0,165,0.336734693877551,490,165,0.336734693877551,0,0,0,0,0,0
"692",2018,"Villamanrique sur","Rosmarinus officinalis","C",1,1,0,0,0,0,105,0.328125,320,105,0.328125,0,0,0,0,0,0
"693",2018,"Villamanrique sur","Rosmarinus officinalis","D",1,1,0,0,0,0,30,0.103448275862069,290,30,0.103448275862069,0,0,0,0,0,0
"694",2018,"Villamanrique sur","Rosmarinus officinalis","E",2,3,0,0,0,0,318,0.343783783783784,925,318,0.343783783783784,0,0,0,0,0,0
