"","Year","Site_ID","Plant_gen_sp","plant_id","Fruit_Yes","Fruit_No","Fruit_preyed","Fruit_dispersed","fruit_formado","fruit_total","fruit_proportion","Seeds","Seed_weight","richness09","richness","Flower_abundance","Frequency","visitatio_rate","Hym_freq","Hym_visit","Dip_freq","dip_visit","Coleop_freq","colep_visit"
"1",2015,"Aznalcazar","Asphodelus fistulosus","B",23,16,7,0,30,46,0.652173913043478,2.66666666666667,0.00911833333333333,3,3,27,4,0.148148148148148,1,0.037037037037037,1,0.037037037037037,2,0.0740740740740741
"2",2015,"Aznalcazar","Asphodelus fistulosus","C",40,6,21,0,61,67,0.91044776119403,4.14285714285714,0.0130114285714286,1,1,13,1,0.0769230769230769,1,0.0769230769230769,NA,NA,NA,NA
"3",2017,"Aznalcazar","Asphodelus fistulosus","A",15,0,9,0,24,24,1,3.6,0.02561,2,2,17.5,3,0.171428571428571,2,0.114285714285714,1,0.0571428571428571,NA,NA
"4",2017,"Aznalcazar","Asphodelus fistulosus","B",6,2,9,1,16,18,0.888888888888889,3.4,0.014385,2,2,16.6666666666667,6,0.36,6,0.36,NA,NA,NA,NA
"5",2017,"Aznalcazar","Asphodelus fistulosus","C",6,1,22,0,28,29,0.96551724137931,4,0.0302016666666667,1,1,5,1,0.2,1,0.2,NA,NA,NA,NA
"6",2018,"Aznalcazar","Asphodelus fistulosus","A",12,1,9,0,21,22,0.954545454545455,1.66666666666667,0.01362,2,2,15,13,0.866666666666667,13,0.866666666666667,NA,NA,NA,NA
"7",2018,"Aznalcazar","Asphodelus fistulosus","B",9,0,15,1,25,25,1,1.33333333333333,0.0193533333333333,2,2,22,8,0.363636363636364,8,0.363636363636364,NA,NA,NA,NA
"8",2018,"Aznalcazar","Asphodelus fistulosus","C",9,0,6,0,15,15,1,1,0.0116266666666667,1,1,14,17,1.21428571428571,17,1.21428571428571,NA,NA,NA,NA
"9",2018,"Aznalcazar","Asphodelus fistulosus","D",15,2,18,0,33,35,0.942857142857143,1.33333333333333,0.0148333333333333,1,1,25,7,0.28,7,0.28,NA,NA,NA,NA
"10",2017,"Aznalcazar","Cistus crispus","A",5,0,0,0,5,5,1,47.6666666666667,0.0207533333333333,1,1,11,1,0.0909090909090909,1,0.0909090909090909,NA,NA,NA,NA
"11",2017,"Aznalcazar","Cistus crispus","B",6,0,0,0,6,6,1,36,0.0186333333333333,1,1,10,1,0.1,NA,NA,NA,NA,1,0.1
"12",2018,"Aznalcazar","Cistus crispus","A",7,0,0,0,7,7,1,42.3333333333333,0.0229266666666667,3,3,30.8,35,1.13636363636364,35,1.13636363636364,NA,NA,NA,NA
"13",2018,"Aznalcazar","Cistus crispus","B",8,0,1,1,10,10,1,42.3333333333333,0.0211366666666667,2,2,61.8,19,0.307443365695793,19,0.307443365695793,NA,NA,NA,NA
"14",2018,"Aznalcazar","Cistus crispus","C",8,1,4,0,12,13,0.923076923076923,41,0.02321,2,2,26.3333333333333,8,0.30379746835443,8,0.30379746835443,NA,NA,NA,NA
"15",2018,"Aznalcazar","Cistus crispus","D",6,1,4,0,10,11,0.909090909090909,39,0.0201466666666667,3,3,38,14,0.368421052631579,14,0.368421052631579,NA,NA,NA,NA
"16",2019,"Aznalcazar","Cistus crispus","A",4,0,0,0,4,4,1,43.6666666666667,0.01948,3,3,18,11,0.611111111111111,11,0.611111111111111,NA,NA,NA,NA
"17",2019,"Aznalcazar","Cistus crispus","B",1,1,0,0,1,2,0.5,24,0.00993,2,2,24,6,0.25,6,0.25,NA,NA,NA,NA
"18",2019,"Aznalcazar","Cistus crispus","C",3,4,1,0,4,8,0.5,46.5,0.018935,3,3,16.4,12,0.731707317073171,12,0.731707317073171,NA,NA,NA,NA
"19",2015,"Aznalcazar","Cistus ladanifer","A",9,2,4,0,13,15,0.866666666666667,443.333333333333,0.10042,1,2,11,2,0.181818181818182,1,0.0909090909090909,NA,NA,1,0.0909090909090909
"20",2015,"Aznalcazar","Cistus ladanifer","B",9,0,7,0,16,16,1,662,0.17144,2,2,4.5,2,0.444444444444444,1,0.222222222222222,1,0.222222222222222,NA,NA
"21",2016,"Aznalcazar","Cistus ladanifer","A",1,0,2,0,3,3,1,356,0.1082,2,3,3.66666666666667,6,1.63636363636364,5,1.36363636363636,NA,NA,1,0.272727272727273
"22",2016,"Aznalcazar","Cistus ladanifer","B",2,1,1,0,3,4,0.75,258.666666666667,0.0738766666666667,1,2,8.66666666666667,2,0.230769230769231,1,0.115384615384615,1,0.115384615384615,NA,NA
"23",2017,"Aznalcazar","Cistus ladanifer","A",1,0,1,0,2,2,1,368.5,0.123055,2,2,2,4,2,1,0.5,NA,NA,3,1.5
"24",2017,"Aznalcazar","Cistus ladanifer","B",3,0,0,0,3,3,1,299.666666666667,0.08143,1,1,6,3,0.5,3,0.5,NA,NA,NA,NA
"25",2018,"Aznalcazar","Cistus ladanifer","A",3,0,0,0,3,3,1,788,0.174145,3,3,32.6666666666667,21,0.642857142857143,18,0.551020408163265,NA,NA,3,0.0918367346938776
"26",2018,"Aznalcazar","Cistus ladanifer","B",4,0,1,0,5,5,1,455,0.110395,2,2,12,8,0.666666666666667,2,0.166666666666667,NA,NA,6,0.5
"27",2018,"Aznalcazar","Cistus ladanifer","D",3,0,1,0,4,4,1,398,0.08522,2,2,16,6,0.375,6,0.375,NA,NA,NA,NA
"28",2019,"Aznalcazar","Cistus ladanifer","A",1,0,0,0,1,1,1,1031,0.30325,3,3,8,15,1.875,15,1.875,NA,NA,NA,NA
"29",2019,"Aznalcazar","Cistus ladanifer","B",0,0,1,0,1,1,1,623,0.20557,3,3,9.5,10,1.05263157894737,7,0.736842105263158,NA,NA,3,0.315789473684211
"30",2019,"Aznalcazar","Cistus ladanifer","C",2,0,0,0,2,2,1,905,0.20669,2,2,12.5,4,0.32,4,0.32,NA,NA,NA,NA
"31",2017,"Aznalcazar","Cistus monspeliensis","A",8,1,0,0,8,9,0.888888888888889,16,0.0180933333333333,1,1,7,3,0.428571428571429,3,0.428571428571429,NA,NA,NA,NA
"32",2019,"Aznalcazar","Cistus monspeliensis","A",6,2,1,0,7,9,0.777777777777778,19,0.0267566666666667,5,5,70,14,0.2,12,0.171428571428571,1,0.0142857142857143,1,0.0142857142857143
"33",2019,"Aznalcazar","Cistus monspeliensis","B",4,6,2,0,6,12,0.5,19.3333333333333,0.0176166666666667,4,4,51,7,0.137254901960784,2,0.0392156862745098,1,0.0196078431372549,4,0.0784313725490196
"34",2019,"Aznalcazar","Cistus monspeliensis","C",0,5,3,0,3,8,0.375,16.5,0.020525,1,1,11,1,0.0909090909090909,1,0.0909090909090909,NA,NA,NA,NA
"35",2015,"Aznalcazar","Cistus salviifolius","A",33,5,1,0,34,39,0.871794871794872,40.3333333333333,0.0464,1,1,5,1,0.2,1,0.2,NA,NA,NA,NA
"36",2015,"Aznalcazar","Cistus salviifolius","C",20,4,7,4,31,35,0.885714285714286,12.1428571428571,0.0153642857142857,1,1,6,1,0.166666666666667,1,0.166666666666667,NA,NA,NA,NA
"37",2016,"Aznalcazar","Cistus salviifolius","A",3,0,0,0,3,3,1,10.3333333333333,0.01523,4,4,5.8,10,1.72413793103448,8,1.37931034482759,2,0.344827586206897,NA,NA
"38",2016,"Aznalcazar","Cistus salviifolius","B",2,0,0,0,2,2,1,18.5,0.02859,1,2,4.5,4,0.888888888888889,4,0.888888888888889,NA,NA,NA,NA
"39",2017,"Aznalcazar","Cistus salviifolius","A",9,0,3,0,12,12,1,53.3333333333333,0.0607833333333333,2,2,16,4,0.25,NA,NA,2,0.125,2,0.125
"40",2018,"Aznalcazar","Cistus salviifolius","A",5,0,0,0,5,5,1,56.3333333333333,0.0613,3,3,46.5,13,0.279569892473118,8,0.172043010752688,NA,NA,5,0.10752688172043
"41",2018,"Aznalcazar","Cistus salviifolius","B",3,0,1,0,4,4,1,33.6666666666667,0.0436833333333333,3,3,29,18,0.620689655172414,10,0.344827586206897,NA,NA,8,0.275862068965517
"42",2018,"Aznalcazar","Cistus salviifolius","C",4,0,2,0,6,6,1,50,0.0670333333333333,1,1,59,10,0.169491525423729,10,0.169491525423729,NA,NA,NA,NA
"43",2018,"Aznalcazar","Cistus salviifolius","D",5,0,1,0,6,6,1,45,0.0429833333333333,1,1,70,3,0.0428571428571429,3,0.0428571428571429,NA,NA,NA,NA
"44",2019,"Aznalcazar","Cistus salviifolius","A",5,0,0,0,5,5,1,48.3333333333333,0.0645,2,2,24,4,0.166666666666667,3,0.125,NA,NA,1,0.0416666666666667
"45",2019,"Aznalcazar","Cistus salviifolius","B",5,0,0,0,5,5,1,35.3333333333333,0.04557,1,1,62,4,0.0645161290322581,4,0.0645161290322581,NA,NA,NA,NA
"46",2019,"Aznalcazar","Cistus salviifolius","C",5,0,0,0,5,5,1,44.3333333333333,0.0621633333333333,2,2,38,4,0.105263157894737,4,0.105263157894737,NA,NA,NA,NA
"47",2015,"Aznalcazar","Lavandula pedunculata","A",86,18,0,0,86,104,0.826923076923077,2,0.0005625,2,2,20.3333333333333,2,0.0983606557377049,2,0.0983606557377049,NA,NA,NA,NA
"48",2015,"Aznalcazar","Lavandula pedunculata","B",20,37,0,0,20,57,0.350877192982456,1.66666666666667,0.000426666666666667,2,2,31,2,0.0645161290322581,2,0.0645161290322581,NA,NA,NA,NA
"49",2017,"Aznalcazar","Lavandula pedunculata","A",43,37,87,0,130,167,0.778443113772455,1.66666666666667,0.000416666666666667,2,2,20,6,0.3,6,0.3,NA,NA,NA,NA
"50",2018,"Aznalcazar","Lavandula pedunculata","A",58,59,7,0,65,124,0.524193548387097,2,0.0012,2,2,266.666666666667,26,0.0975,26,0.0975,NA,NA,NA,NA
"51",2018,"Aznalcazar","Lavandula pedunculata","B",79,35,2,0,81,116,0.698275862068966,2.33333333333333,0.00119333333333333,3,3,246.666666666667,15,0.0608108108108108,12,0.0486486486486487,3,0.0121621621621622,NA,NA
"52",2018,"Aznalcazar","Lavandula pedunculata","C",91,21,5,0,96,117,0.82051282051282,3,0.00152333333333333,2,2,200,15,0.075,15,0.075,NA,NA,NA,NA
"53",2018,"Aznalcazar","Lavandula pedunculata","D",94,29,0,0,94,123,0.764227642276423,1.66666666666667,0.00108333333333333,3,3,437.5,62,0.141714285714286,62,0.141714285714286,NA,NA,NA,NA
"54",2019,"Aznalcazar","Lavandula pedunculata","A",136,14,0,0,136,150,0.906666666666667,1.66666666666667,0.00107666666666667,2,2,237.5,13,0.0547368421052632,13,0.0547368421052632,NA,NA,NA,NA
"55",2019,"Aznalcazar","Lavandula pedunculata","B",124,13,0,0,124,137,0.905109489051095,1.66666666666667,0.00113,2,2,290,45,0.155172413793103,45,0.155172413793103,NA,NA,NA,NA
"56",2019,"Aznalcazar","Lavandula pedunculata","C",115,29,0,0,115,144,0.798611111111111,1.66666666666667,0.00117666666666667,3,3,188,36,0.191489361702128,35,0.186170212765957,NA,NA,1,0.00531914893617021
"57",2017,"Aznalcazar","Lavandula stoechas","B",93,33,2,0,95,128,0.7421875,2.33333333333333,0.000226666666666667,2,2,50,10,0.2,10,0.2,NA,NA,NA,NA
"58",2017,"Aznalcazar","Salvia rosmarinus","B",0,41,0,0,0,41,0,3,0.000436666666666667,2,2,200,169,0.845,168,0.84,1,0.005,NA,NA
"59",2017,"Aznalcazar","Salvia rosmarinus","C",0,46,0,0,0,46,0,3,6e-04,1,1,150,16,0.106666666666667,16,0.106666666666667,NA,NA,NA,NA
"60",2017,"Aznalcazar","Teucrium fruticans","A",0,4,0,6,6,10,0.6,6,0.00261,2,2,32.2,6,0.186335403726708,6,0.186335403726708,NA,NA,NA,NA
"61",2017,"Aznalcazar","Teucrium fruticans","C",19,12,7,0,26,38,0.684210526315789,1,0.00272,3,3,46.4,52,1.12068965517241,52,1.12068965517241,NA,NA,NA,NA
"62",2018,"Aznalcazar","Teucrium fruticans","A",2,5,6,0,8,13,0.615384615384615,4,0.00317,4,4,140.142857142857,78,0.556574923547401,78,0.556574923547401,NA,NA,NA,NA
"63",2018,"Aznalcazar","Teucrium fruticans","B",1,1,4,0,5,6,0.833333333333333,4,0.00141,4,4,35.5,51,1.43661971830986,50,1.40845070422535,1,0.028169014084507,NA,NA
"64",2018,"Aznalcazar","Teucrium fruticans","C",6,2,2,0,8,10,0.8,3.5,0.003015,5,5,51.4285714285714,65,1.26388888888889,65,1.26388888888889,NA,NA,NA,NA
"65",2018,"Aznalcazar","Teucrium fruticans","D",6,2,5,0,11,13,0.846153846153846,2.66666666666667,0.00226333333333333,1,1,32,19,0.59375,19,0.59375,NA,NA,NA,NA
"66",2019,"Aznalcazar","Teucrium fruticans","A",1,5,0,4,5,10,0.5,2,0.00413,2,2,26.6666666666667,24,0.9,24,0.9,NA,NA,NA,NA
"67",2019,"Aznalcazar","Teucrium fruticans","B",5,0,0,4,9,9,1,2.66666666666667,0.00813333333333333,4,4,29.3333333333333,35,1.19318181818182,35,1.19318181818182,NA,NA,NA,NA
"68",2019,"Aznalcazar","Teucrium fruticans","C",11,0,0,5,16,16,1,3,0.00595666666666667,6,6,31.3333333333333,26,0.829787234042553,26,0.829787234042553,NA,NA,NA,NA
"69",2018,"Bonares","Cistus crispus","A",10,1,0,0,10,11,0.909090909090909,42.3333333333333,0.0202533333333333,3,3,20.5,25,1.21951219512195,25,1.21951219512195,NA,NA,NA,NA
"70",2018,"Bonares","Cistus crispus","B",2,0,3,0,5,5,1,29,0.01384,3,3,22.5,23,1.02222222222222,22,0.977777777777778,NA,NA,1,0.0444444444444444
"71",2018,"Bonares","Cistus crispus","C",4,0,0,0,4,4,1,36,0.0199166666666667,3,3,21.75,13,0.597701149425287,13,0.597701149425287,NA,NA,NA,NA
"72",2018,"Bonares","Cistus crispus","D",6,0,0,0,6,6,1,47.6666666666667,0.0251833333333333,1,1,22,2,0.0909090909090909,2,0.0909090909090909,NA,NA,NA,NA
"73",2015,"Bonares","Cistus ladanifer","A",7,1,3,0,10,11,0.909090909090909,287.666666666667,0.0795266666666667,2,2,11.3333333333333,2,0.176470588235294,2,0.176470588235294,NA,NA,NA,NA
"74",2015,"Bonares","Cistus ladanifer","B",11,0,3,0,14,14,1,213,0.050955,1,1,8.5,1,0.117647058823529,1,0.117647058823529,NA,NA,NA,NA
"75",2015,"Bonares","Cistus ladanifer","C",4,0,1,0,5,5,1,269.666666666667,0.06537,1,1,5.5,3,0.545454545454545,3,0.545454545454545,NA,NA,NA,NA
"76",2018,"Bonares","Cistus ladanifer","A",2,0,0,0,2,2,1,499.5,0.1312,1,1,12,2,0.166666666666667,NA,NA,NA,NA,2,0.166666666666667
"77",2018,"Bonares","Cistus ladanifer","B",2,0,0,0,2,2,1,515,0.13741,2,2,3,6,2,3,1,NA,NA,3,1
"78",2018,"Bonares","Cistus ladanifer","C",1,0,2,0,3,3,1,505,0.134285,1,1,4,15,3.75,NA,NA,NA,NA,15,3.75
"79",2019,"Bonares","Cistus ladanifer","A",0,0,1,0,1,1,1,247,0.04523,1,1,5,2,0.4,2,0.4,NA,NA,NA,NA
"80",2019,"Bonares","Cistus ladanifer","B",1,0,0,0,1,1,1,655,0.12706,3,3,7,8,1.14285714285714,8,1.14285714285714,NA,NA,NA,NA
"81",2019,"Bonares","Cistus ladanifer","C",1,0,0,0,1,1,1,611,0.13585,1,1,2,1,0.5,NA,NA,NA,NA,1,0.5
"82",2015,"Bonares","Cistus salviifolius","A",11,2,0,0,11,13,0.846153846153846,60,0.0720366666666667,2,2,40,3,0.075,2,0.05,1,0.025,NA,NA
"83",2015,"Bonares","Cistus salviifolius","B",9,5,0,0,9,14,0.642857142857143,40.6,0.033884,2,2,29.6666666666667,3,0.101123595505618,3,0.101123595505618,NA,NA,NA,NA
"84",2015,"Bonares","Cistus salviifolius","C",7,0,1,0,8,8,1,57.6666666666667,0.0551433333333333,4,4,36,5,0.138888888888889,3,0.0833333333333333,NA,NA,1,0.0277777777777778
"85",2016,"Bonares","Cistus salviifolius","A",1,0,0,0,1,1,1,7,0.01433,1,1,7.5,1,0.133333333333333,1,0.133333333333333,NA,NA,NA,NA
"86",2017,"Bonares","Cistus salviifolius","A",6,0,2,0,8,8,1,46,0.0582533333333333,5,5,24.25,6,0.247422680412371,6,0.247422680412371,NA,NA,NA,NA
"87",2017,"Bonares","Cistus salviifolius","B",3,0,3,0,6,6,1,49,0.0598733333333333,3,3,27.6666666666667,3,0.108433734939759,1,0.036144578313253,1,0.036144578313253,1,0.036144578313253
"88",2018,"Bonares","Cistus salviifolius","A",0,0,1,0,1,1,1,45,0.03135,1,1,6,7,1.16666666666667,NA,NA,NA,NA,7,1.16666666666667
"89",2018,"Bonares","Cistus salviifolius","B",3,0,1,0,4,4,1,54,0.05799,1,1,10,2,0.2,NA,NA,NA,NA,2,0.2
"90",2018,"Bonares","Cistus salviifolius","C",5,0,0,0,5,5,1,42.6666666666667,0.04926,2,2,20,6,0.3,3,0.15,NA,NA,3,0.15
"91",2018,"Bonares","Cistus salviifolius","D",2,0,1,0,3,3,1,63,0.0539766666666667,1,1,15,4,0.266666666666667,4,0.266666666666667,NA,NA,NA,NA
"92",2019,"Bonares","Cistus salviifolius","A",3,0,1,0,4,4,1,25,0.0271266666666667,2,2,13,24,1.84615384615385,24,1.84615384615385,NA,NA,NA,NA
"93",2019,"Bonares","Cistus salviifolius","B",1,0,0,1,2,2,1,43,0.0522,5,5,11.5714285714286,30,2.59259259259259,20,1.7283950617284,8,0.691358024691358,2,0.172839506172839
"94",2019,"Bonares","Cistus salviifolius","C",3,0,0,0,3,3,1,48,0.0556166666666667,2,2,15.6666666666667,14,0.893617021276596,12,0.765957446808511,2,0.127659574468085,NA,NA
"95",2017,"Bonares","Halimium calycinum","A",5,0,1,0,6,6,1,1.5,0.005355,1,1,6,1,0.166666666666667,NA,NA,1,0.166666666666667,NA,NA
"96",2019,"Bonares","Halimium calycinum","A",1,0,1,1,3,3,1,2,0.00236,3,3,38.75,8,0.206451612903226,5,0.129032258064516,3,0.0774193548387097,NA,NA
"97",2019,"Bonares","Halimium calycinum","B",1,0,0,1,2,2,1,2,0.00786,1,1,54.6666666666667,11,0.201219512195122,11,0.201219512195122,NA,NA,NA,NA
"98",2019,"Bonares","Halimium calycinum","C",1,0,0,1,2,2,1,2,0.00826,1,1,105,3,0.0285714285714286,3,0.0285714285714286,NA,NA,NA,NA
"99",2018,"Bonares","Halimium halimifolium","A",2,0,0,0,2,2,1,11.5,0.007805,NA,1,15,4,0.266666666666667,4,0.266666666666667,NA,NA,NA,NA
"100",2018,"Bonares","Halimium halimifolium","B",2,1,0,0,2,3,0.666666666666667,15.5,0.008245,2,2,27,7,0.259259259259259,6,0.222222222222222,NA,NA,1,0.037037037037037
"101",2018,"Bonares","Halimium halimifolium","C",5,2,0,0,5,7,0.714285714285714,11.3333333333333,0.00528333333333333,3,3,56.75,44,0.775330396475771,39,0.687224669603524,NA,NA,5,0.0881057268722467
"102",2018,"Bonares","Halimium halimifolium","D",2,0,0,0,2,2,1,8.5,0.00604,3,3,32,9,0.28125,8,0.25,1,0.03125,NA,NA
"103",2019,"Bonares","Halimium halimifolium","A",4,0,0,0,4,4,1,19,0.0137633333333333,4,4,59.75,13,0.217573221757322,12,0.200836820083682,NA,NA,1,0.0167364016736402
"104",2019,"Bonares","Halimium halimifolium","C",4,0,0,0,4,4,1,20.3333333333333,0.01301,1,1,13,3,0.230769230769231,NA,NA,NA,NA,3,0.230769230769231
"105",2017,"Bonares","Lavandula pedunculata","A",129,47,2,0,131,178,0.735955056179775,2.33333333333333,0.000606666666666667,1,1,126.666666666667,24,0.189473684210526,24,0.189473684210526,NA,NA,NA,NA
"106",2017,"Bonares","Lavandula pedunculata","B",123,30,42,0,165,195,0.846153846153846,2.33333333333333,0.00066,2,2,266.666666666667,21,0.07875,21,0.07875,NA,NA,NA,NA
"107",2015,"Bonares","Lavandula stoechas","A",397,54,10,0,407,461,0.882863340563991,1.8,0.000638,1,1,197.2,33,0.167342799188641,33,0.167342799188641,NA,NA,NA,NA
"108",2015,"Bonares","Lavandula stoechas","B",353,82,15,0,368,450,0.817777777777778,2.4,0.000684,2,2,187.6,50,0.266524520255864,50,0.266524520255864,NA,NA,NA,NA
"109",2015,"Bonares","Lavandula stoechas","C",264,91,20,0,284,375,0.757333333333333,2.6,0.000534,NA,NA,144.5,NA,NA,NA,NA,NA,NA,NA,NA
"110",2016,"Bonares","Lavandula stoechas","A",116,13,5,0,121,134,0.902985074626866,3,0.000583333333333333,3,3,102.833333333333,18,0.175040518638574,7,0.0680713128038898,11,0.106969205834684,NA,NA
"111",2016,"Bonares","Lavandula stoechas","B",97,9,4,0,101,110,0.918181818181818,3,0.000516666666666667,2,2,50.6666666666667,18,0.355263157894737,15,0.296052631578947,3,0.0592105263157895,NA,NA
"112",2018,"Convento_de_la_luz","Cistus crispus","A",3,4,0,0,3,7,0.428571428571429,42,0.0212333333333333,1,1,21.5,8,0.372093023255814,8,0.372093023255814,NA,NA,NA,NA
"113",2018,"Convento_de_la_luz","Cistus crispus","B",5,5,2,0,7,12,0.583333333333333,36,0.0203966666666667,3,3,15.3333333333333,3,0.195652173913043,2,0.130434782608696,NA,NA,1,0.0652173913043478
"114",2015,"Convento_de_la_luz","Cistus ladanifer","A",4,0,2,0,6,6,1,569.5,0.14401,5,5,21,16,0.761904761904762,13,0.619047619047619,NA,NA,3,0.142857142857143
"115",2015,"Convento_de_la_luz","Cistus ladanifer","B",4,4,3,0,7,11,0.636363636363636,107,0.03072,1,1,36.5,64,1.75342465753425,64,1.75342465753425,NA,NA,NA,NA
"116",2016,"Convento_de_la_luz","Cistus ladanifer","A",1,0,1,0,2,2,1,113,0.04297,2,2,11.5,5,0.434782608695652,5,0.434782608695652,NA,NA,NA,NA
"117",2017,"Convento_de_la_luz","Cistus ladanifer","A",3,0,0,0,3,3,1,700.666666666667,0.210983333333333,3,3,3.66666666666667,8,2.18181818181818,1,0.272727272727273,3,0.818181818181818,4,1.09090909090909
"118",2017,"Convento_de_la_luz","Cistus ladanifer","B",3,0,1,0,4,4,1,329.333333333333,0.112026666666667,2,2,8,5,0.625,NA,NA,4,0.5,1,0.125
"119",2015,"Convento_de_la_luz","Cistus salviifolius","B",3,0,1,0,4,4,1,40.4,0.039378,4,4,62.25,28,0.449799196787149,26,0.417670682730924,1,0.0160642570281124,1,0.0160642570281124
"120",2016,"Convento_de_la_luz","Cistus salviifolius","A",2,0,1,0,3,3,1,16.6666666666667,0.0224066666666667,NA,NA,1,NA,NA,NA,NA,NA,NA,NA,NA
"121",2017,"Convento_de_la_luz","Cistus salviifolius","A",2,0,0,0,2,2,1,51,0.07006,2,2,29,4,0.137931034482759,1,0.0344827586206897,NA,NA,3,0.103448275862069
"122",2017,"Convento_de_la_luz","Cistus salviifolius","B",4,0,0,0,4,4,1,56,0.0665366666666667,1,1,21,3,0.142857142857143,NA,NA,3,0.142857142857143,NA,NA
"123",2015,"Convento_de_la_luz","Halimium halimifolium","A",12,4,0,0,12,16,0.75,22.6666666666667,0.0112633333333333,NA,NA,400,NA,NA,NA,NA,NA,NA,NA,NA
"124",2016,"Convento_de_la_luz","Halimium halimifolium","A",11,1,0,0,11,12,0.916666666666667,14.75,0.007675,NA,NA,7,NA,NA,NA,NA,NA,NA,NA,NA
"125",2016,"Convento_de_la_luz","Halimium halimifolium","B",2,4,0,4,6,10,0.6,18.6666666666667,0.00667,NA,NA,26,NA,NA,NA,NA,NA,NA,NA,NA
"126",2017,"Convento_de_la_luz","Halimium halimifolium","A",6,0,0,0,6,6,1,17.3333333333333,0.00861666666666667,3,3,5.33333333333333,3,0.5625,1,0.1875,NA,NA,2,0.375
"127",2017,"Convento_de_la_luz","Halimium halimifolium","B",10,0,0,0,10,10,1,16.6666666666667,0.00856,1,1,8,2,0.25,NA,NA,NA,NA,2,0.25
"128",2018,"Convento_de_la_luz","Halimium halimifolium","A",2,0,0,0,2,2,1,30.5,0.017745,6,6,61.3333333333333,31,0.505434782608696,14,0.228260869565217,NA,NA,17,0.277173913043478
"129",2018,"Convento_de_la_luz","Halimium halimifolium","B",4,2,0,0,4,6,0.666666666666667,27.6666666666667,0.0138866666666667,5,5,27.1666666666667,35,1.28834355828221,27,0.993865030674847,NA,NA,8,0.294478527607362
"130",2018,"Convento_de_la_luz","Halimium halimifolium","C",2,2,0,0,2,4,0.5,24.5,0.013565,6,6,31,26,0.838709677419355,21,0.67741935483871,NA,NA,5,0.161290322580645
"131",2018,"Convento_de_la_luz","Halimium halimifolium","D",7,3,0,0,7,10,0.7,27.6666666666667,0.0142266666666667,1,1,22,1,0.0454545454545455,NA,NA,NA,NA,1,0.0454545454545455
"132",2019,"Convento_de_la_luz","Halimium halimifolium","A",4,2,1,0,5,7,0.714285714285714,12.3333333333333,0.00826333333333333,4,4,106.833333333333,22,0.205928237129485,17,0.159126365054602,NA,NA,5,0.046801872074883
"133",2019,"Convento_de_la_luz","Halimium halimifolium","B",4,1,0,0,4,5,0.8,5.66666666666667,0.0025,5,5,54.5714285714286,18,0.329842931937173,12,0.219895287958115,3,0.0549738219895288,3,0.0549738219895288
"134",2019,"Convento_de_la_luz","Halimium halimifolium","C",3,0,0,0,3,3,1,5.66666666666667,0.00313666666666667,4,4,64.6,9,0.139318885448916,NA,NA,6,0.0928792569659443,3,0.0464396284829721
"135",2016,"Convento_de_la_luz","Lavandula pedunculata","A",131,3,3,0,134,137,0.978102189781022,1.5,0.00059,4,4,57.6666666666667,14,0.242774566473988,13,0.225433526011561,NA,NA,1,0.0173410404624277
"136",2016,"Convento_de_la_luz","Lavandula pedunculata","B",111,12,0,0,111,123,0.902439024390244,1.66666666666667,6e-04,NA,NA,60,NA,NA,NA,NA,NA,NA,NA,NA
"137",2015,"Convento_de_la_luz","Lavandula stoechas","A",313,97,6,0,319,416,0.766826923076923,2.44444444444444,0.000498888888888889,NA,NA,69,NA,NA,NA,NA,NA,NA,NA,NA
"138",2015,"Convento_de_la_luz","Salvia rosmarinus","A",38,10,0,36,74,84,0.880952380952381,1.5,0.00089,NA,NA,230,NA,NA,NA,NA,NA,NA,NA,NA
"139",2015,"Convento_de_la_luz","Salvia rosmarinus","B",83,13,0,72,155,168,0.922619047619048,2,0.000575,1,1,70,36,0.514285714285714,36,0.514285714285714,NA,NA,NA,NA
"140",2015,"Convento_de_la_luz","Teucrium fruticans","B",88,6,0,86,174,180,0.966666666666667,2.33333333333333,0.00325333333333333,3,4,30.8,4,0.12987012987013,4,0.12987012987013,NA,NA,NA,NA
"141",2017,"Convento_de_la_luz","Teucrium fruticans","B",5,0,5,0,10,10,1,1.66666666666667,0.00351,4,4,62.5,9,0.144,8,0.128,1,0.016,NA,NA
"142",2018,"El_pozo","Cistus crispus","A",8,2,0,0,8,10,0.8,18.6666666666667,0.01021,4,4,20,14,0.7,14,0.7,NA,NA,NA,NA
"143",2018,"El_pozo","Cistus crispus","B",5,2,0,0,5,7,0.714285714285714,27.6666666666667,0.0153466666666667,3,4,34.25,16,0.467153284671533,16,0.467153284671533,NA,NA,NA,NA
"144",2018,"El_pozo","Cistus crispus","C",5,0,0,0,5,5,1,31.3333333333333,0.01452,3,3,48,3,0.0625,2,0.0416666666666667,1,0.0208333333333333,NA,NA
"145",2019,"El_pozo","Cistus crispus","A",1,2,3,0,4,6,0.666666666666667,26,0.01241,1,1,23.5,8,0.340425531914894,8,0.340425531914894,NA,NA,NA,NA
"146",2019,"El_pozo","Cistus crispus","B",8,1,0,0,8,9,0.888888888888889,39.3333333333333,0.01489,1,1,22,3,0.136363636363636,3,0.136363636363636,NA,NA,NA,NA
"147",2019,"El_pozo","Cistus crispus","C",3,1,0,0,3,4,0.75,26,0.00949666666666667,2,2,26,3,0.115384615384615,3,0.115384615384615,NA,NA,NA,NA
"148",2016,"El_pozo","Cistus ladanifer","A",0,0,1,0,1,1,1,175,0.04105,2,2,4.33333333333333,2,0.461538461538462,1,0.230769230769231,1,0.230769230769231,NA,NA
"149",2016,"El_pozo","Cistus ladanifer","B",0,0,1,0,1,1,1,57,0.00275,1,1,1,1,1,1,1,NA,NA,NA,NA
"150",2016,"El_pozo","Cistus salviifolius","A",2,0,1,0,3,3,1,32,0.0297233333333333,1,1,3.66666666666667,3,0.818181818181818,3,0.818181818181818,NA,NA,NA,NA
"151",2016,"El_pozo","Cistus salviifolius","B",1,0,1,0,2,2,1,23,0.02597,2,2,3,2,0.666666666666667,2,0.666666666666667,NA,NA,NA,NA
"152",2016,"El_pozo","Halimium halimifolium","A",5,0,0,0,5,5,1,13.3333333333333,0.00509,NA,NA,1,NA,NA,NA,NA,NA,NA,NA,NA
"153",2018,"El_pozo","Halimium halimifolium","A",4,0,0,0,4,4,1,16.3333333333333,0.00731333333333333,2,2,76,2,0.0263157894736842,1,0.0131578947368421,NA,NA,1,0.0131578947368421
"154",2018,"El_pozo","Halimium halimifolium","B",3,2,1,0,4,6,0.666666666666667,16.6666666666667,0.00970333333333333,2,2,14,4,0.285714285714286,4,0.285714285714286,NA,NA,NA,NA
"155",2018,"El_pozo","Halimium halimifolium","C",1,2,1,0,2,4,0.5,6,0.003385,2,2,19,2,0.105263157894737,1,0.0526315789473684,NA,NA,1,0.0526315789473684
"156",2019,"El_pozo","Lavandula pedunculata","A",61,52,16,0,77,129,0.596899224806202,2.66666666666667,0.00198666666666667,2,2,50,8,0.16,7,0.14,1,0.02,NA,NA
"157",2019,"El_pozo","Lavandula pedunculata","B",104,28,3,4,111,139,0.798561151079137,2.66666666666667,0.00211,1,1,200,3,0.015,3,0.015,NA,NA,NA,NA
"158",2019,"El_pozo","Lavandula pedunculata","C",102,24,6,0,108,132,0.818181818181818,3.33333333333333,0.00216,3,3,100,15,0.15,15,0.15,NA,NA,NA,NA
"159",2015,"El_pozo","Salvia rosmarinus","B",62,13,0,37,99,112,0.883928571428571,3.4,0.000362,2,2,93,3,0.032258064516129,3,0.032258064516129,NA,NA,NA,NA
"160",2015,"El_pozo","Spartium junceum","A",28,0,0,23,51,51,1,2.8,0.003484,1,1,1250,5,0.004,5,0.004,NA,NA,NA,NA
"161",2015,"El_pozo","Spartium junceum","B",20,0,0,16,36,36,1,4.25,0.00436,1,1,2715,7,0.00257826887661142,7,0.00257826887661142,NA,NA,NA,NA
"162",2017,"Esparragal","Cistus crispus","B",2,3,0,0,2,5,0.4,36,0.020005,NA,1,20,1,0.05,1,0.05,NA,NA,NA,NA
"163",2018,"Esparragal","Cistus crispus","A",3,0,1,1,5,5,1,12,0.006625,4,4,19.7142857142857,23,1.16666666666667,23,1.16666666666667,NA,NA,NA,NA
"164",2018,"Esparragal","Cistus crispus","B",2,2,1,0,3,5,0.6,26.5,0.01352,3,4,15,15,1,15,1,NA,NA,NA,NA
"165",2018,"Esparragal","Cistus crispus","C",3,1,0,0,3,4,0.75,26,0.00679333333333333,3,3,18.6,18,0.967741935483871,18,0.967741935483871,NA,NA,NA,NA
"166",2018,"Esparragal","Cistus crispus","D",3,0,1,3,7,7,1,32,0.01609,3,4,65,22,0.338461538461538,22,0.338461538461538,NA,NA,NA,NA
"167",2019,"Esparragal","Cistus crispus","A",3,2,0,0,3,5,0.6,31.5,0.014825,5,5,91.8571428571429,25,0.272161741835148,25,0.272161741835148,NA,NA,NA,NA
"168",2019,"Esparragal","Cistus crispus","B",2,1,0,0,2,3,0.666666666666667,27,0.01271,5,5,78.3333333333333,16,0.204255319148936,15,0.191489361702128,1,0.0127659574468085,NA,NA
"169",2019,"Esparragal","Cistus crispus","C",6,1,0,0,6,7,0.857142857142857,32.6666666666667,0.0218633333333333,5,5,55.4,18,0.324909747292419,18,0.324909747292419,NA,NA,NA,NA
"170",2015,"Esparragal","Cistus salviifolius","A",9,3,2,3,14,17,0.823529411764706,11.75,0.0137475,3,4,10,6,0.6,5,0.5,1,0.1,NA,NA
"171",2017,"Esparragal","Cistus salviifolius","A",3,0,1,0,4,4,1,56.6666666666667,0.06867,1,1,11,2,0.181818181818182,NA,NA,2,0.181818181818182,NA,NA
"172",2018,"Esparragal","Cistus salviifolius","A",2,0,1,0,3,3,1,31,0.041205,1,1,8,1,0.125,1,0.125,NA,NA,NA,NA
"173",2018,"Esparragal","Cistus salviifolius","B",2,0,2,0,4,4,1,25.3333333333333,0.0267733333333333,1,1,12,2,0.166666666666667,NA,NA,2,0.166666666666667,NA,NA
"174",2019,"Esparragal","Cistus salviifolius","A",1,0,1,0,2,2,1,46.5,0.049695,3,3,22.25,15,0.674157303370786,15,0.674157303370786,NA,NA,NA,NA
"175",2019,"Esparragal","Cistus salviifolius","B",3,0,2,0,5,5,1,57,0.0649133333333333,1,2,63.5,2,0.031496062992126,1,0.015748031496063,NA,NA,1,0.015748031496063
"176",2019,"Esparragal","Cistus salviifolius","C",3,0,1,0,4,4,1,53,0.0554033333333333,1,2,23,2,0.0869565217391304,1,0.0434782608695652,NA,NA,1,0.0434782608695652
"177",2016,"Esparragal","Halimium calycinum","A",2,0,0,1,3,3,1,3.5,0.01413,2,2,25,2,0.08,NA,NA,NA,NA,2,0.08
"178",2017,"Esparragal","Halimium calycinum","A",5,0,0,0,5,5,1,3.66666666666667,0.00365,1,1,17.5,1,0.0571428571428571,NA,NA,1,0.0571428571428571,NA,NA
"179",2017,"Esparragal","Halimium calycinum","B",7,0,0,1,8,8,1,2.66666666666667,0.00307333333333333,2,2,5,11,2.2,10,2,1,0.2,NA,NA
"180",2019,"Esparragal","Halimium calycinum","C",1,0,3,0,4,4,1,1,0.00471,2,2,11,2,0.181818181818182,1,0.0909090909090909,NA,NA,1,0.0909090909090909
"181",2016,"Esparragal","Halimium halimifolium","A",6,1,0,0,6,7,0.857142857142857,21.3333333333333,0.00299,2,2,7.5,5,0.666666666666667,NA,NA,1,0.133333333333333,4,0.533333333333333
"182",2016,"Esparragal","Halimium halimifolium","B",6,0,0,0,6,6,1,25,0.0107866666666667,1,1,28,2,0.0714285714285714,NA,NA,NA,NA,2,0.0714285714285714
"183",2018,"Esparragal","Halimium halimifolium","A",4,0,0,0,4,4,1,32.6666666666667,0.0126366666666667,2,2,48.4,23,0.475206611570248,23,0.475206611570248,NA,NA,NA,NA
"184",2018,"Esparragal","Halimium halimifolium","B",4,0,0,0,4,4,1,18.3333333333333,0.00879,2,2,58.2,29,0.498281786941581,28,0.481099656357388,NA,NA,1,0.0171821305841924
"185",2018,"Esparragal","Halimium halimifolium","C",4,0,0,0,4,4,1,28,0.0145566666666667,4,4,22.5,5,0.222222222222222,3,0.133333333333333,1,0.0444444444444444,1,0.0444444444444444
"186",2018,"Esparragal","Halimium halimifolium","D",4,0,0,0,4,4,1,5.33333333333333,0.00411666666666667,1,1,95,15,0.157894736842105,15,0.157894736842105,NA,NA,NA,NA
"187",2019,"Esparragal","Halimium halimifolium","A",3,2,0,0,3,5,0.6,20,0.010425,3,3,129.571428571429,23,0.177508269018743,22,0.169790518191841,NA,NA,1,0.00771775082690187
"188",2019,"Esparragal","Halimium halimifolium","B",4,1,0,0,4,5,0.8,20.5,0.005135,4,4,50.1428571428571,12,0.239316239316239,9,0.179487179487179,3,0.0598290598290598,NA,NA
"189",2019,"Esparragal","Halimium halimifolium","C",2,3,0,0,2,5,0.4,29.6666666666667,0.00522666666666667,2,2,42,7,0.166666666666667,7,0.166666666666667,NA,NA,NA,NA
"190",2015,"Esparragal","Lavandula pedunculata","A",359,73,31,0,390,463,0.842332613390929,1.28571428571429,0.00051,1,1,29.5,1,0.0338983050847458,1,0.0338983050847458,NA,NA,NA,NA
"191",2015,"Esparragal","Lavandula pedunculata","B",258,81,45,48,351,432,0.8125,1.22222222222222,0.000181111111111111,NA,NA,15,NA,NA,NA,NA,NA,NA,NA,NA
"192",2019,"Esparragal","Lavandula pedunculata","A",76,34,30,0,106,140,0.757142857142857,1,0.00053,1,1,75,8,0.106666666666667,8,0.106666666666667,NA,NA,NA,NA
"193",2019,"Esparragal","Lavandula pedunculata","C",51,12,6,0,57,69,0.826086956521739,2.66666666666667,0.00116,1,1,250,5,0.02,5,0.02,NA,NA,NA,NA
"194",2016,"Esparragal","Lavandula stoechas","A",95,6,4,0,99,105,0.942857142857143,1,0.000585,1,1,21,1,0.0476190476190476,1,0.0476190476190476,NA,NA,NA,NA
"195",2016,"Esparragal","Lavandula stoechas","B",46,6,16,0,62,68,0.911764705882353,1,0.000483333333333333,1,1,54,2,0.037037037037037,2,0.037037037037037,NA,NA,NA,NA
"196",2015,"La_cunya","Cistus salviifolius","A",10,0,0,6,16,16,1,3.25,0.0043,2,2,10,6,0.6,4,0.4,NA,NA,2,0.2
"197",2015,"La_cunya","Cistus salviifolius","B",19,1,7,8,34,35,0.971428571428571,22,0.0231075,8,8,9,8,0.888888888888889,5,0.555555555555556,1,0.111111111111111,2,0.222222222222222
"198",2017,"La_cunya","Cistus salviifolius","A",5,0,1,0,6,6,1,66.6666666666667,0.07218,1,1,17,1,0.0588235294117647,NA,NA,1,0.0588235294117647,NA,NA
"199",2019,"La_cunya","Cistus salviifolius","A",0,0,1,0,1,1,1,42,0.04977,2,2,4,5,1.25,2,0.5,NA,NA,3,0.75
"200",2019,"La_cunya","Cistus salviifolius","B",2,0,1,0,3,3,1,38.3333333333333,0.03543,1,1,15,3,0.2,3,0.2,NA,NA,NA,NA
"201",2015,"La_cunya","Lavandula pedunculata","A",271,93,56,0,327,420,0.778571428571429,2.5,0.000655,1,1,31.6666666666667,2,0.0631578947368421,2,0.0631578947368421,NA,NA,NA,NA
"202",2015,"La_cunya","Lavandula pedunculata","B",198,52,0,0,198,250,0.792,3.4,0.000536,2,2,67,2,0.0298507462686567,2,0.0298507462686567,NA,NA,NA,NA
"203",2016,"La_cunya","Lavandula pedunculata","A",75,18,24,0,99,117,0.846153846153846,2,0.000105,1,1,110,14,0.127272727272727,14,0.127272727272727,NA,NA,NA,NA
"204",2018,"La_cunya","Lavandula pedunculata","A",82,22,38,0,120,142,0.845070422535211,2.33333333333333,0.00125666666666667,1,1,50,1,0.02,1,0.02,NA,NA,NA,NA
"205",2019,"La_cunya","Lavandula pedunculata","A",117,10,2,0,119,129,0.922480620155039,2,0.00105,2,2,157.5,18,0.114285714285714,18,0.114285714285714,NA,NA,NA,NA
"206",2019,"La_cunya","Lavandula pedunculata","B",57,14,8,0,65,79,0.822784810126582,2.33333333333333,0.00113666666666667,1,1,125,12,0.096,12,0.096,NA,NA,NA,NA
"207",2019,"La_cunya","Lavandula pedunculata","C",72,15,3,0,75,90,0.833333333333333,3,0.00134,2,2,100,14,0.14,14,0.14,NA,NA,NA,NA
"208",2015,"La_cunya","Salvia rosmarinus","A",45,27,19,5,69,96,0.71875,3.66666666666667,0.000511666666666667,2,2,31,2,0.0645161290322581,2,0.0645161290322581,NA,NA,NA,NA
"209",2015,"La_cunya","Salvia rosmarinus","B",26,26,4,8,38,64,0.59375,2.5,0.000541666666666667,1,1,54,1,0.0185185185185185,1,0.0185185185185185,NA,NA,NA,NA
"210",2015,"La_rocina","Anchusa azurea","A",90,0,3,76,169,169,1,2.6,0.002618,3,4,249.5,28,0.112224448897796,28,0.112224448897796,NA,NA,NA,NA
"211",2015,"La_rocina","Anchusa azurea","B",32,9,2,27,61,70,0.871428571428571,2,0.00307666666666667,5,6,546.25,10,0.0183066361556064,10,0.0183066361556064,NA,NA,NA,NA
"212",2018,"La_rocina","Cistus libanotis","B",3,0,0,0,3,3,1,21,0.02092,4,4,74,19,0.256756756756757,14,0.189189189189189,4,0.0540540540540541,1,0.0135135135135135
"213",2018,"La_rocina","Cistus libanotis","C",3,0,0,0,3,3,1,6,0.00607666666666667,2,4,23,15,0.652173913043478,15,0.652173913043478,NA,NA,NA,NA
"214",2019,"La_rocina","Cistus libanotis","A",3,0,0,0,3,3,1,10.6666666666667,0.01221,3,3,58.75,10,0.170212765957447,8,0.136170212765957,NA,NA,2,0.0340425531914894
"215",2019,"La_rocina","Cistus libanotis","B",4,0,0,0,4,4,1,14.3333333333333,0.01079,2,3,52,14,0.269230769230769,13,0.25,1,0.0192307692307692,NA,NA
"216",2019,"La_rocina","Cistus libanotis","C",5,0,0,0,5,5,1,18.6666666666667,0.0151266666666667,NA,1,35,6,0.171428571428571,6,0.171428571428571,NA,NA,NA,NA
"217",2015,"La_rocina","Halimium calycinum","A",9,7,0,2,11,18,0.611111111111111,1.33333333333333,0.00179,3,3,21.1428571428571,12,0.567567567567568,1,0.0472972972972973,NA,NA,11,0.52027027027027
"218",2018,"La_rocina","Halimium halimifolium","A",4,0,0,0,4,4,1,19.5,0.007455,2,2,65.5,12,0.183206106870229,12,0.183206106870229,NA,NA,NA,NA
"219",2018,"La_rocina","Lavandula pedunculata","A",97,19,30,0,127,146,0.86986301369863,2.66666666666667,0.00164,1,1,540,16,0.0296296296296296,16,0.0296296296296296,NA,NA,NA,NA
"220",2018,"La_rocina","Lavandula pedunculata","B",82,17,33,0,115,132,0.871212121212121,2,0.00150666666666667,2,2,470,13,0.0276595744680851,8,0.0170212765957447,5,0.0106382978723404,NA,NA
"221",2018,"La_rocina","Lavandula pedunculata","C",99,26,35,0,134,160,0.8375,3,0.00117666666666667,5,5,737.142857142857,39,0.052906976744186,33,0.0447674418604651,6,0.00813953488372093,NA,NA
"222",2018,"La_rocina","Lavandula pedunculata","D",87,49,88,0,175,224,0.78125,2,0.00134666666666667,3,3,4000,47,0.01175,47,0.01175,NA,NA,NA,NA
"223",2015,"La_rocina","Salvia rosmarinus","A",39,7,0,26,65,72,0.902777777777778,2,0.00062,1,1,57,2,0.0350877192982456,2,0.0350877192982456,NA,NA,NA,NA
"224",2015,"Niebla","Asphodelus fistulosus","A",50,20,12,0,62,82,0.75609756097561,2.85714285714286,0.0205257142857143,NA,NA,48,NA,NA,NA,NA,NA,NA,NA,NA
"225",2015,"Niebla","Asphodelus fistulosus","B",67,4,57,0,124,128,0.96875,3.28571428571429,0.0165142857142857,2,2,5.66666666666667,2,0.352941176470588,2,0.352941176470588,NA,NA,NA,NA
"226",2016,"Niebla","Asphodelus fistulosus","A",5,3,5,0,10,13,0.769230769230769,4.66666666666667,0.0259433333333333,1,1,15.3333333333333,2,0.130434782608696,2,0.130434782608696,NA,NA,NA,NA
"227",2016,"Niebla","Asphodelus fistulosus","B",5,0,12,0,17,17,1,3.66666666666667,0.0177566666666667,NA,1,9,1,0.111111111111111,1,0.111111111111111,NA,NA,NA,NA
"228",2016,"Niebla","Cistus crispus","A",4,1,0,0,4,5,0.8,39.3333333333333,0.0205166666666667,2,2,10,5,0.5,5,0.5,NA,NA,NA,NA
"229",2017,"Niebla","Cistus crispus","A",5,2,0,0,5,7,0.714285714285714,38.3333333333333,0.0211333333333333,1,2,19,6,0.315789473684211,6,0.315789473684211,NA,NA,NA,NA
"230",2017,"Niebla","Cistus crispus","B",2,5,0,0,2,7,0.285714285714286,12,0.00592,1,1,10,1,0.1,1,0.1,NA,NA,NA,NA
"231",2018,"Niebla","Cistus crispus","A",2,0,1,1,4,4,1,36,0.01774,3,3,31.25,17,0.544,17,0.544,NA,NA,NA,NA
"232",2018,"Niebla","Cistus crispus","B",4,2,0,0,4,6,0.666666666666667,34.6666666666667,0.01649,2,2,24.3333333333333,15,0.616438356164384,15,0.616438356164384,NA,NA,NA,NA
"233",2018,"Niebla","Cistus crispus","C",4,1,0,0,4,5,0.8,38.6666666666667,0.02363,2,2,24,5,0.208333333333333,3,0.125,NA,NA,2,0.0833333333333333
"234",2018,"Niebla","Cistus crispus","D",3,2,0,0,3,5,0.6,39,0.02723,2,2,26,5,0.192307692307692,5,0.192307692307692,NA,NA,NA,NA
"235",2019,"Niebla","Cistus crispus","C",2,1,2,0,4,5,0.8,42,0.013655,3,3,13,9,0.692307692307692,8,0.615384615384615,NA,NA,1,0.0769230769230769
"236",2015,"Niebla","Cistus ladanifer","B",15,2,14,0,29,31,0.935483870967742,179,0.05577,5,6,11,10,0.909090909090909,5,0.454545454545455,NA,NA,5,0.454545454545455
"237",2015,"Niebla","Cistus ladanifer","C",3,0,2,0,5,5,1,733,0.22324,1,1,8,1,0.125,1,0.125,NA,NA,NA,NA
"238",2016,"Niebla","Cistus ladanifer","A",1,0,0,0,1,1,1,195,0.04808,1,2,10,3,0.3,3,0.3,NA,NA,NA,NA
"239",2018,"Niebla","Cistus ladanifer","A",1,0,2,0,3,3,1,408,0.111595,1,1,12,4,0.333333333333333,4,0.333333333333333,NA,NA,NA,NA
"240",2018,"Niebla","Cistus ladanifer","B",1,0,0,0,1,1,1,334,0.09403,2,2,6,8,1.33333333333333,8,1.33333333333333,NA,NA,NA,NA
"241",2018,"Niebla","Cistus ladanifer","C",2,0,0,0,2,2,1,606.5,0.154005,2,2,27,19,0.703703703703704,19,0.703703703703704,NA,NA,NA,NA
"242",2019,"Niebla","Cistus ladanifer","A",1,0,0,0,1,1,1,425,0.10473,3,3,14,11,0.785714285714286,9,0.642857142857143,NA,NA,2,0.142857142857143
"243",2019,"Niebla","Cistus ladanifer","B",0,0,2,0,2,2,1,339,0.06885,2,2,5,4,0.8,3,0.6,NA,NA,1,0.2
"244",2015,"Niebla","Cistus monspeliensis","A",8,1,1,0,9,10,0.9,3.75,0.00362,2,2,47,5,0.106382978723404,NA,NA,NA,NA,5,0.106382978723404
"245",2016,"Niebla","Cistus monspeliensis","A",3,0,0,1,4,4,1,12.6666666666667,0.01467,2,2,15,2,0.133333333333333,2,0.133333333333333,NA,NA,NA,NA
"246",2018,"Niebla","Cistus monspeliensis","A",9,0,0,0,9,9,1,12.6666666666667,0.0135133333333333,4,4,69.75,10,0.14336917562724,7,0.100358422939068,3,0.043010752688172,NA,NA
"247",2018,"Niebla","Cistus monspeliensis","B",4,0,0,1,5,5,1,13.3333333333333,0.01007,3,3,112.666666666667,4,0.0355029585798817,NA,NA,3,0.0266272189349112,1,0.00887573964497041
"248",2018,"Niebla","Cistus monspeliensis","C",6,0,1,1,8,8,1,17.3333333333333,0.0188933333333333,4,4,173.25,12,0.0692640692640693,11,0.0634920634920635,NA,NA,1,0.00577200577200577
"249",2019,"Niebla","Cistus monspeliensis","A",5,1,0,0,5,6,0.833333333333333,10.3333333333333,0.0110033333333333,1,1,200,1,0.005,1,0.005,NA,NA,NA,NA
"250",2019,"Niebla","Cistus monspeliensis","C",3,0,1,0,4,4,1,9,0.0101733333333333,2,2,35,2,0.0571428571428571,2,0.0571428571428571,NA,NA,NA,NA
"251",2017,"Niebla","Erophaca baetica","A",1,1,0,0,1,2,0.5,2,0.04584,1,1,40,1,0.025,1,0.025,NA,NA,NA,NA
"252",2017,"Niebla","Erophaca baetica","B",5,0,0,0,5,5,1,2.33333333333333,0.04958,1,1,40,1,0.025,1,0.025,NA,NA,NA,NA
"253",2016,"Niebla","Lavandula pedunculata","A",100,17,0,0,100,117,0.854700854700855,2,0.00066,3,3,97,6,0.0618556701030928,6,0.0618556701030928,NA,NA,NA,NA
"254",2016,"Niebla","Lavandula pedunculata","B",99,20,0,0,99,119,0.831932773109244,1.66666666666667,0.000546666666666667,1,1,20.3333333333333,2,0.0983606557377049,2,0.0983606557377049,NA,NA,NA,NA
"255",2018,"Niebla","Lavandula pedunculata","A",79,21,49,0,128,149,0.859060402684564,1.33333333333333,9e-04,3,3,85,6,0.0705882352941176,5,0.0588235294117647,1,0.0117647058823529,NA,NA
"256",2018,"Niebla","Lavandula pedunculata","B",78,44,3,0,81,125,0.648,2.33333333333333,0.00140666666666667,5,5,107.5,14,0.130232558139535,14,0.130232558139535,NA,NA,NA,NA
"257",2018,"Niebla","Lavandula pedunculata","C",93,8,4,0,97,105,0.923809523809524,2,0.00091,3,3,57.3333333333333,8,0.13953488372093,3,0.0523255813953488,5,0.0872093023255814,NA,NA
"258",2018,"Niebla","Lavandula pedunculata","D",153,17,2,0,155,172,0.901162790697674,1,0.000863333333333333,1,1,100,7,0.07,7,0.07,NA,NA,NA,NA
"259",2019,"Niebla","Lavandula pedunculata","A",94,16,0,0,94,110,0.854545454545454,2,0.000376666666666667,3,3,116.666666666667,14,0.12,14,0.12,NA,NA,NA,NA
"260",2019,"Niebla","Lavandula pedunculata","B",108,19,0,0,108,127,0.850393700787402,1.66666666666667,0.00129333333333333,3,3,225,16,0.0711111111111111,10,0.0444444444444444,6,0.0266666666666667,NA,NA
"261",2019,"Niebla","Lavandula pedunculata","C",73,24,0,0,73,97,0.752577319587629,1.66666666666667,0.00112333333333333,3,3,200,6,0.03,6,0.03,NA,NA,NA,NA
"262",2017,"Niebla","Lavandula stoechas","A",92,41,2,0,94,135,0.696296296296296,3,9e-04,1,1,100,1,0.01,1,0.01,NA,NA,NA,NA
"263",2017,"Niebla","Lavandula stoechas","B",44,38,0,0,44,82,0.536585365853659,2.66666666666667,0.00063,2,2,150,5,0.0333333333333333,5,0.0333333333333333,NA,NA,NA,NA
"264",2018,"Niebla","Lavandula stoechas","A",102,3,0,0,102,105,0.971428571428571,1,0.00059,1,1,550,1,0.00181818181818182,1,0.00181818181818182,NA,NA,NA,NA
"265",2018,"Niebla","Lavandula stoechas","B",85,2,0,0,85,87,0.977011494252874,1,0.000543333333333333,1,1,280,3,0.0107142857142857,3,0.0107142857142857,NA,NA,NA,NA
"266",2015,"Niebla","Phlomis purpurea","A",29,0,0,0,29,29,1,1.71428571428571,0.00372,1,1,45,1,0.0222222222222222,NA,NA,NA,NA,1,0.0222222222222222
"267",2015,"Niebla","Phlomis purpurea","B",62,0,0,0,62,62,1,2.4,0.00367,NA,NA,23,NA,NA,NA,NA,NA,NA,NA,NA
"268",2015,"Pinares_de_hinojos","Cistus libanotis","A",8,0,0,3,11,11,1,14.75,0.0063575,1,1,2,1,0.5,1,0.5,NA,NA,NA,NA
"269",2015,"Pinares_de_hinojos","Cistus libanotis","B",17,0,0,4,21,21,1,17.2,0.013082,1,1,74,4,0.0540540540540541,NA,NA,NA,NA,4,0.0540540540540541
"270",2016,"Pinares_de_hinojos","Cistus libanotis","A",5,0,1,0,6,6,1,21.3333333333333,0.0164866666666667,NA,NA,37,NA,NA,NA,NA,NA,NA,NA,NA
"271",2016,"Pinares_de_hinojos","Cistus libanotis","B",5,0,0,0,5,5,1,7,0.00661666666666667,1,1,36,16,0.444444444444444,NA,NA,NA,NA,16,0.444444444444444
"272",2018,"Pinares_de_hinojos","Cistus libanotis","A",5,0,0,0,5,5,1,14,0.0123566666666667,5,6,29,13,0.448275862068966,4,0.137931034482759,6,0.206896551724138,3,0.103448275862069
"273",2018,"Pinares_de_hinojos","Cistus libanotis","B",3,0,0,0,3,3,1,8,0.02306,4,4,44,12,0.272727272727273,10,0.227272727272727,1,0.0227272727272727,1,0.0227272727272727
"274",2018,"Pinares_de_hinojos","Cistus libanotis","C",6,0,0,0,6,6,1,17.3333333333333,0.01544,3,4,32.25,14,0.434108527131783,13,0.403100775193798,NA,NA,1,0.0310077519379845
"275",2018,"Pinares_de_hinojos","Cistus libanotis","D",5,0,1,0,6,6,1,15.6666666666667,0.0133266666666667,1,1,12,6,0.5,6,0.5,NA,NA,NA,NA
"276",2019,"Pinares_de_hinojos","Cistus libanotis","A",6,0,0,0,6,6,1,19.3333333333333,0.0100366666666667,3,3,33,10,0.303030303030303,10,0.303030303030303,NA,NA,NA,NA
"277",2019,"Pinares_de_hinojos","Cistus libanotis","B",6,0,0,0,6,6,1,18,0.0121966666666667,2,2,69,10,0.144927536231884,10,0.144927536231884,NA,NA,NA,NA
"278",2019,"Pinares_de_hinojos","Cistus libanotis","C",6,1,0,0,6,7,0.857142857142857,15,0.0123733333333333,4,4,83,15,0.180722891566265,14,0.168674698795181,NA,NA,1,0.0120481927710843
"279",2015,"Pinares_de_hinojos","Cistus salviifolius","A",12,3,0,8,20,23,0.869565217391304,37.5,0.053585,2,2,8.66666666666667,2,0.230769230769231,1,0.115384615384615,NA,NA,1,0.115384615384615
"280",2015,"Pinares_de_hinojos","Cistus salviifolius","B",13,0,0,2,15,15,1,31.6,0.036584,3,3,12,11,0.916666666666667,1,0.0833333333333333,NA,NA,10,0.833333333333333
"281",2016,"Pinares_de_hinojos","Cistus salviifolius","A",2,0,0,0,2,2,1,38.5,0.047415,1,1,16,3,0.1875,NA,NA,NA,NA,3,0.1875
"282",2016,"Pinares_de_hinojos","Cistus salviifolius","B",2,0,0,0,2,2,1,24,0.026485,NA,NA,21,NA,NA,NA,NA,NA,NA,NA,NA
"283",2018,"Pinares_de_hinojos","Cistus salviifolius","A",2,0,1,0,3,3,1,23.5,0.034745,1,1,12,4,0.333333333333333,4,0.333333333333333,NA,NA,NA,NA
"284",2018,"Pinares_de_hinojos","Cistus salviifolius","B",2,0,1,0,3,3,1,23,0.03458,1,1,10,3,0.3,NA,NA,NA,NA,3,0.3
"285",2017,"Pinares_de_hinojos","Halimium halimifolium","B",9,0,0,0,9,9,1,33,0.01264,1,1,2,1,0.5,1,0.5,NA,NA,NA,NA
"286",2018,"Pinares_de_hinojos","Halimium halimifolium","A",4,3,1,0,5,8,0.625,41.3333333333333,0.01804,1,1,13,5,0.384615384615385,NA,NA,NA,NA,5,0.384615384615385
"287",2018,"Pinares_de_hinojos","Halimium halimifolium","B",2,3,0,0,2,5,0.4,35,0.01393,4,4,26.5,7,0.264150943396226,6,0.226415094339623,NA,NA,1,0.0377358490566038
"288",2018,"Pinares_de_hinojos","Halimium halimifolium","C",5,2,2,0,7,9,0.777777777777778,19.3333333333333,0.00918,5,5,18.8333333333333,9,0.47787610619469,2,0.106194690265487,4,0.212389380530973,3,0.15929203539823
"289",2018,"Pinares_de_hinojos","Halimium halimifolium","D",2,2,0,0,2,4,0.5,18.5,0.00847,1,1,33,1,0.0303030303030303,NA,NA,NA,NA,1,0.0303030303030303
"290",2015,"Pino_del_cuervo","Asphodelus fistulosus","A",18,47,4,0,22,69,0.318840579710145,6,0.0120308571428571,2,4,16,5,0.3125,5,0.3125,NA,NA,NA,NA
"291",2015,"Pino_del_cuervo","Asphodelus fistulosus","B",3,36,0,0,3,39,0.0769230769230769,6,0,3,4,20.25,6,0.296296296296296,6,0.296296296296296,NA,NA,NA,NA
"292",2016,"Pino_del_cuervo","Cistus crispus","A",6,0,2,0,8,8,1,21.6666666666667,0.0121833333333333,1,2,6.5,6,0.923076923076923,4,0.615384615384615,2,0.307692307692308,NA,NA
"293",2016,"Pino_del_cuervo","Cistus crispus","B",6,4,0,0,6,10,0.6,36.3333333333333,0.0168666666666667,2,2,6,6,1,4,0.666666666666667,2,0.333333333333333,NA,NA
"294",2018,"Pino_del_cuervo","Cistus crispus","A",8,0,1,0,9,9,1,44,0.0241666666666667,3,3,22.25,19,0.853932584269663,19,0.853932584269663,NA,NA,NA,NA
"295",2018,"Pino_del_cuervo","Cistus crispus","B",5,2,0,0,5,7,0.714285714285714,29.6666666666667,0.0144866666666667,2,2,11,5,0.454545454545455,4,0.363636363636364,1,0.0909090909090909,NA,NA
"296",2018,"Pino_del_cuervo","Cistus crispus","C",3,1,0,1,4,5,0.8,43.6666666666667,0.0229733333333333,1,1,4,2,0.5,2,0.5,NA,NA,NA,NA
"297",2018,"Pino_del_cuervo","Cistus crispus","D",2,0,1,0,3,3,1,40.3333333333333,0.0177333333333333,1,1,12,2,0.166666666666667,NA,NA,2,0.166666666666667,NA,NA
"298",2019,"Pino_del_cuervo","Cistus crispus","B",3,4,4,0,7,11,0.636363636363636,35.6666666666667,0.0121,1,1,28,25,0.892857142857143,25,0.892857142857143,NA,NA,NA,NA
"299",2019,"Pino_del_cuervo","Cistus crispus","C",5,1,0,0,5,6,0.833333333333333,27,0.0114166666666667,5,5,22.8888888888889,40,1.74757281553398,40,1.74757281553398,NA,NA,NA,NA
"300",2015,"Pino_del_cuervo","Cistus ladanifer","A",9,1,2,0,11,12,0.916666666666667,348.2,0.114244,1,1,2,1,0.5,1,0.5,NA,NA,NA,NA
"301",2015,"Pino_del_cuervo","Cistus ladanifer","B",10,0,6,0,16,16,1,360.666666666667,0.131103333333333,3,3,4,3,0.75,3,0.75,NA,NA,NA,NA
"302",2015,"Pino_del_cuervo","Cistus ladanifer","C",8,1,2,1,11,12,0.916666666666667,308,0.113835,1,1,2,1,0.5,NA,NA,1,0.5,NA,NA
"303",2016,"Pino_del_cuervo","Cistus ladanifer","A",1,0,0,0,1,1,1,929,0.27028,1,1,1.33333333333333,1,0.75,1,0.75,NA,NA,NA,NA
"304",2016,"Pino_del_cuervo","Cistus ladanifer","B",0,0,1,0,1,1,1,352,0.13131,NA,NA,2.25,NA,NA,NA,NA,NA,NA,NA,NA
"305",2017,"Pino_del_cuervo","Cistus ladanifer","A",1,0,1,0,2,2,1,481.5,0.141975,2,2,2.5,2,0.8,1,0.4,1,0.4,NA,NA
"306",2017,"Pino_del_cuervo","Cistus ladanifer","B",3,0,2,0,5,5,1,601.5,0.22492,2,2,1,2,2,1,1,NA,NA,1,1
"307",2019,"Pino_del_cuervo","Cistus ladanifer","A",2,0,0,0,2,2,1,295.5,0.11339,1,1,21,5,0.238095238095238,5,0.238095238095238,NA,NA,NA,NA
"308",2019,"Pino_del_cuervo","Cistus ladanifer","B",2,0,0,0,2,2,1,213.5,0.094445,1,1,23,1,0.0434782608695652,NA,NA,NA,NA,1,0.0434782608695652
"309",2016,"Pino_del_cuervo","Cistus salviifolius","A",0,0,1,0,1,1,1,15,0.01065,1,1,3,1,0.333333333333333,1,0.333333333333333,NA,NA,NA,NA
"310",2017,"Pino_del_cuervo","Cistus salviifolius","A",2,1,3,0,5,6,0.833333333333333,52,0.050335,1,2,10.5,2,0.19047619047619,1,0.0952380952380952,1,0.0952380952380952,NA,NA
"311",2015,"Pino_del_cuervo","Halimium calycinum","A",5,2,0,4,9,11,0.818181818181818,4,0.00366,2,2,24.5,2,0.0816326530612245,NA,NA,NA,NA,2,0.0816326530612245
"312",2015,"Pino_del_cuervo","Halimium calycinum","B",6,8,0,1,7,15,0.466666666666667,3.33333333333333,0.00306833333333333,1,1,11,1,0.0909090909090909,NA,NA,1,0.0909090909090909,NA,NA
"313",2018,"Pino_del_cuervo","Halimium halimifolium","A",2,0,0,0,2,2,1,24.5,0.01579,2,2,14,6,0.428571428571429,5,0.357142857142857,NA,NA,1,0.0714285714285714
"314",2018,"Pino_del_cuervo","Halimium halimifolium","B",2,1,0,0,2,3,0.666666666666667,14,0.00244,1,1,16,3,0.1875,NA,NA,3,0.1875,NA,NA
"315",2018,"Pino_del_cuervo","Halimium halimifolium","C",4,0,0,0,4,4,1,26,0.0146333333333333,2,2,97,9,0.0927835051546392,8,0.0824742268041237,NA,NA,1,0.0103092783505155
"316",2016,"Pino_del_cuervo","Lavandula stoechas","A",125,6,16,0,141,147,0.959183673469388,3.5,0.000415,1,1,82.3333333333333,3,0.0364372469635628,3,0.0364372469635628,NA,NA,NA,NA
"317",2016,"Pino_del_cuervo","Lavandula stoechas","B",87,10,11,0,98,108,0.907407407407407,2.33333333333333,0.00073,1,1,12,25,2.08333333333333,25,2.08333333333333,NA,NA,NA,NA
"318",2018,"Pino_del_cuervo","Lavandula stoechas","B",41,17,29,0,70,87,0.804597701149425,2.33333333333333,0.00117,1,1,620,5,0.00806451612903226,5,0.00806451612903226,NA,NA,NA,NA
"319",2019,"Pino_del_cuervo","Lavandula stoechas","A",73,6,63,0,136,142,0.957746478873239,2.66666666666667,0.00114333333333333,6,6,800,52,0.065,37,0.04625,15,0.01875,NA,NA
"320",2019,"Pino_del_cuervo","Lavandula stoechas","B",15,3,37,0,52,55,0.945454545454545,2.33333333333333,0.00113666666666667,3,3,133.333333333333,28,0.21,23,0.1725,5,0.0375,NA,NA
"321",2019,"Pino_del_cuervo","Lavandula stoechas","C",44,4,69,0,113,117,0.965811965811966,2.66666666666667,0.00127333333333333,1,1,195,23,0.117948717948718,23,0.117948717948718,NA,NA,NA,NA
"322",2017,"Urbanizaciones","Cistus crispus","A",1,2,2,0,3,5,0.6,24,0.012935,2,2,20,3,0.15,3,0.15,NA,NA,NA,NA
"323",2017,"Urbanizaciones","Cistus crispus","B",3,1,1,0,4,5,0.8,28,0.0127966666666667,3,3,13.75,6,0.436363636363636,6,0.436363636363636,NA,NA,NA,NA
"324",2018,"Urbanizaciones","Cistus crispus","A",7,0,0,0,7,7,1,31.6666666666667,0.01852,5,5,23.4285714285714,38,1.6219512195122,38,1.6219512195122,NA,NA,NA,NA
"325",2018,"Urbanizaciones","Cistus crispus","B",0,7,2,0,2,9,0.222222222222222,19,0.00982,6,7,29.6,51,1.72297297297297,51,1.72297297297297,NA,NA,NA,NA
"326",2018,"Urbanizaciones","Cistus crispus","C",5,4,0,0,5,9,0.555555555555556,16.3333333333333,0.0103733333333333,4,4,32.5714285714286,50,1.53508771929825,48,1.47368421052632,2,0.0614035087719298,NA,NA
"327",2019,"Urbanizaciones","Cistus crispus","A",3,4,0,0,3,7,0.428571428571429,20,0.00486,2,2,90,14,0.155555555555556,14,0.155555555555556,NA,NA,NA,NA
"328",2015,"Urbanizaciones","Cistus salviifolius","A",5,2,1,0,6,8,0.75,48.5,0.04298,1,1,8,10,1.25,NA,NA,NA,NA,10,1.25
"329",2015,"Urbanizaciones","Cistus salviifolius","B",18,0,3,2,23,23,1,46,0.05639,1,1,6.5,1,0.153846153846154,NA,NA,NA,NA,1,0.153846153846154
"330",2016,"Urbanizaciones","Cistus salviifolius","A",2,0,1,0,3,3,1,44,0.04506,1,1,9,1,0.111111111111111,NA,NA,1,0.111111111111111,NA,NA
"331",2018,"Urbanizaciones","Cistus salviifolius","A",4,0,0,0,4,4,1,45,0.0546233333333333,2,2,19,5,0.263157894736842,2,0.105263157894737,NA,NA,3,0.157894736842105
"332",2018,"Urbanizaciones","Cistus salviifolius","C",1,0,0,0,1,1,1,51,0.054785,1,1,2,1,0.5,NA,NA,NA,NA,1,0.5
"333",2018,"Urbanizaciones","Cistus salviifolius","D",4,0,0,0,4,4,1,32.5,0.03641,1,1,4,1,0.25,1,0.25,NA,NA,NA,NA
"334",2019,"Urbanizaciones","Cistus salviifolius","A",0,0,3,0,3,3,1,34.6666666666667,0.0297933333333333,1,1,12,3,0.25,3,0.25,NA,NA,NA,NA
"335",2019,"Urbanizaciones","Cistus salviifolius","B",3,0,0,0,3,3,1,42,0.0397866666666667,1,1,5,1,0.2,1,0.2,NA,NA,NA,NA
"336",2019,"Urbanizaciones","Cistus salviifolius","C",1,0,1,0,2,2,1,37.5,0.03894,3,3,16,7,0.4375,4,0.25,3,0.1875,NA,NA
"337",2015,"Urbanizaciones","Halimium calycinum","A",7,5,0,1,8,13,0.615384615384615,2.85714285714286,0.00244571428571429,1,1,46.5,1,0.021505376344086,1,0.021505376344086,NA,NA,NA,NA
"338",2016,"Urbanizaciones","Halimium calycinum","A",0,0,0,1,1,1,1,3,0.00175,NA,NA,17,1,0.0588235294117647,NA,NA,NA,NA,NA,NA
"339",2019,"Urbanizaciones","Halimium calycinum","A",4,0,0,0,4,4,1,3,0.0123966666666667,1,1,18,2,0.111111111111111,NA,NA,2,0.111111111111111,NA,NA
"340",2019,"Urbanizaciones","Halimium calycinum","B",3,0,1,0,4,4,1,1.66666666666667,0.00713,1,1,18,1,0.0555555555555556,1,0.0555555555555556,NA,NA,NA,NA
"341",2019,"Urbanizaciones","Halimium calycinum","C",4,0,1,0,5,5,1,3,0.0131466666666667,1,1,32,3,0.09375,3,0.09375,NA,NA,NA,NA
"342",2018,"Urbanizaciones","Halimium halimifolium","A",2,1,0,0,2,3,0.666666666666667,23.5,0.05513,2,2,66,4,0.0606060606060606,4,0.0606060606060606,NA,NA,NA,NA
"343",2018,"Urbanizaciones","Halimium halimifolium","B",4,0,0,0,4,4,1,12.3333333333333,0.00811,2,2,9.5,5,0.526315789473684,4,0.421052631578947,NA,NA,1,0.105263157894737
"344",2018,"Urbanizaciones","Halimium halimifolium","C",4,1,1,0,5,6,0.833333333333333,30.3333333333333,0.0154833333333333,1,1,21,1,0.0476190476190476,NA,NA,NA,NA,1,0.0476190476190476
"345",2019,"Urbanizaciones","Halimium halimifolium","B",4,0,0,0,4,4,1,12.3333333333333,0.00653666666666667,4,4,176.2,11,0.0624290578887628,4,0.0227014755959137,1,0.00567536889897843,6,0.0340522133938706
"346",2019,"Urbanizaciones","Halimium halimifolium","C",4,1,0,0,4,5,0.8,3.66666666666667,0.00173333333333333,3,3,74,9,0.121621621621622,8,0.108108108108108,NA,NA,1,0.0135135135135135
"347",2016,"Urbanizaciones","Lavandula pedunculata","A",67,6,3,0,70,76,0.921052631578947,3.5,0.000525,3,4,83.5,18,0.215568862275449,17,0.203592814371257,1,0.0119760479041916,NA,NA
"348",2018,"Urbanizaciones","Lavandula pedunculata","A",95,29,9,0,104,133,0.781954887218045,2,0.00123,1,1,456.666666666667,26,0.0569343065693431,26,0.0569343065693431,NA,NA,NA,NA
"349",2018,"Urbanizaciones","Lavandula pedunculata","B",147,12,0,0,147,159,0.924528301886792,3,0.00131333333333333,4,4,885,43,0.0485875706214689,31,0.0350282485875706,NA,NA,12,0.0135593220338983
"350",2018,"Urbanizaciones","Lavandula pedunculata","D",86,28,70,0,156,184,0.847826086956522,3.33333333333333,0.00176666666666667,2,2,300,14,0.0466666666666667,14,0.0466666666666667,NA,NA,NA,NA
"351",2019,"Urbanizaciones","Lavandula pedunculata","A",87,14,28,0,115,129,0.891472868217054,2,0.00098,2,2,76.6666666666667,16,0.208695652173913,16,0.208695652173913,NA,NA,NA,NA
"352",2019,"Urbanizaciones","Lavandula pedunculata","B",42,26,47,0,89,115,0.773913043478261,3.33333333333333,0.00178333333333333,1,1,150,17,0.113333333333333,17,0.113333333333333,NA,NA,NA,NA
"353",2019,"Urbanizaciones","Lavandula pedunculata","C",25,17,51,0,76,93,0.817204301075269,2.66666666666667,0.00181333333333333,1,1,75,10,0.133333333333333,10,0.133333333333333,NA,NA,NA,NA
"354",2015,"Urbanizaciones","Lavandula stoechas","A",360,131,32,0,392,523,0.749521988527725,1.6,0.000446,4,5,51.3333333333333,9,0.175324675324675,8,0.155844155844156,1,0.0194805194805195,NA,NA
"355",2015,"Urbanizaciones","Lavandula stoechas","B",370,128,7,0,377,505,0.746534653465347,2,0.000682,1,2,39,2,0.0512820512820513,2,0.0512820512820513,NA,NA,NA,NA
"356",2016,"Urbanizaciones","Lavandula stoechas","B",123,5,3,0,126,131,0.961832061068702,1.33333333333333,0.000383333333333333,2,2,34,5,0.147058823529412,5,0.147058823529412,NA,NA,NA,NA
"357",2015,"Urbanizaciones","Salvia rosmarinus","A",52,2,0,46,98,100,0.98,2,0.0009875,2,2,10,2,0.2,2,0.2,NA,NA,NA,NA
"358",2015,"Urbanizaciones","Salvia rosmarinus","B",83,5,0,67,150,155,0.967741935483871,2.33333333333333,0.00065,2,2,10,2,0.2,2,0.2,NA,NA,NA,NA
"359",2015,"Urbanizaciones","Salvia rosmarinus","C",75,26,0,73,148,174,0.850574712643678,2.5,0.000295,2,2,3,2,0.666666666666667,2,0.666666666666667,NA,NA,NA,NA
"360",2016,"Villamanrique_este","Cistus crispus","A",4,0,0,0,4,4,1,46,0.022775,3,5,5,14,2.8,12,2.4,2,0.4,NA,NA
"361",2017,"Villamanrique_este","Cistus crispus","A",3,1,1,0,4,5,0.8,32,0.0161233333333333,2,2,18,4,0.222222222222222,2,0.111111111111111,2,0.111111111111111,NA,NA
"362",2017,"Villamanrique_este","Cistus crispus","B",2,0,0,2,4,4,1,34.3333333333333,0.0160966666666667,2,2,15,2,0.133333333333333,2,0.133333333333333,NA,NA,NA,NA
"363",2018,"Villamanrique_este","Cistus crispus","A",8,1,0,0,8,9,0.888888888888889,43,0.02419,2,2,23,20,0.869565217391304,20,0.869565217391304,NA,NA,NA,NA
"364",2018,"Villamanrique_este","Cistus crispus","B",6,2,1,0,7,9,0.777777777777778,35.3333333333333,0.0201533333333333,2,2,17.5,26,1.48571428571429,26,1.48571428571429,NA,NA,NA,NA
"365",2018,"Villamanrique_este","Cistus crispus","C",10,0,0,0,10,10,1,32,0.01966,2,2,20.4,12,0.588235294117647,12,0.588235294117647,NA,NA,NA,NA
"366",2019,"Villamanrique_este","Cistus crispus","A",6,1,0,0,6,7,0.857142857142857,34.6666666666667,0.01916,3,3,27.6666666666667,22,0.795180722891566,22,0.795180722891566,NA,NA,NA,NA
"367",2019,"Villamanrique_este","Cistus crispus","B",2,1,2,1,5,6,0.833333333333333,41,0.02462,4,4,52.4,20,0.381679389312977,18,0.343511450381679,2,0.0381679389312977,NA,NA
"368",2019,"Villamanrique_este","Cistus crispus","C",3,2,0,0,3,5,0.6,31.6666666666667,0.0176866666666667,3,3,56.5555555555556,39,0.68958742632613,37,0.654223968565815,2,0.0353634577603143,NA,NA
"369",2016,"Villamanrique_este","Cistus ladanifer","A",2,0,1,2,5,5,1,347.25,0.0925525,3,3,0.666666666666667,3,4.5,2,3,1,1.5,NA,NA
"370",2019,"Villamanrique_este","Cistus ladanifer","B",1,0,0,0,1,1,1,899,0.23037,1,1,12,24,2,24,2,NA,NA,NA,NA
"371",2015,"Villamanrique_este","Cistus salviifolius","A",6,3,0,0,6,9,0.666666666666667,33.5,0.0379683333333333,3,3,2.66666666666667,6,2.25,NA,NA,NA,NA,6,2.25
"372",2016,"Villamanrique_este","Cistus salviifolius","A",3,0,1,0,4,4,1,36.75,0.0338575,3,4,2.5,6,2.4,4,1.6,1,0.4,1,0.4
"373",2017,"Villamanrique_este","Cistus salviifolius","A",1,0,2,0,3,3,1,30,0.0402533333333333,2,2,11,11,1,11,1,NA,NA,NA,NA
"374",2017,"Villamanrique_este","Cistus salviifolius","B",2,0,1,0,3,3,1,62,0.07578,2,2,8.5,3,0.352941176470588,NA,NA,2,0.235294117647059,1,0.117647058823529
"375",2015,"Villamanrique_sur","Cistus crispus","A",6,6,1,0,7,13,0.538461538461538,0,0,3,3,14,3,0.214285714285714,3,0.214285714285714,NA,NA,NA,NA
"376",2015,"Villamanrique_sur","Cistus crispus","B",17,8,8,0,25,33,0.757575757575758,39.6666666666667,0.0197133333333333,NA,NA,3,NA,NA,NA,NA,NA,NA,NA,NA
"377",2017,"Villamanrique_sur","Cistus crispus","A",6,1,1,0,7,8,0.875,47.6666666666667,0.0268266666666667,2,2,16.5,5,0.303030303030303,5,0.303030303030303,NA,NA,NA,NA
"378",2017,"Villamanrique_sur","Cistus crispus","B",3,0,2,1,6,6,1,36,0.0221266666666667,1,1,15,15,1,15,1,NA,NA,NA,NA
"379",2018,"Villamanrique_sur","Cistus crispus","A",5,0,0,0,5,5,1,31.6666666666667,0.01734,3,4,31.5,23,0.73015873015873,23,0.73015873015873,NA,NA,NA,NA
"380",2018,"Villamanrique_sur","Cistus crispus","B",5,1,0,0,5,6,0.833333333333333,31,0.01748,4,4,19.8,26,1.31313131313131,26,1.31313131313131,NA,NA,NA,NA
"381",2018,"Villamanrique_sur","Cistus crispus","C",6,2,0,0,6,8,0.75,35.6666666666667,0.0184066666666667,4,5,12.8333333333333,24,1.87012987012987,24,1.87012987012987,NA,NA,NA,NA
"382",2018,"Villamanrique_sur","Cistus crispus","D",2,1,5,0,7,8,0.875,34.5,0.02021,4,4,24.5,24,0.979591836734694,24,0.979591836734694,NA,NA,NA,NA
"383",2019,"Villamanrique_sur","Cistus crispus","B",3,1,0,0,3,4,0.75,21.5,0.011115,3,4,37.4,15,0.401069518716578,15,0.401069518716578,NA,NA,NA,NA
"384",2019,"Villamanrique_sur","Cistus crispus","C",7,0,0,0,7,7,1,41,0.0194533333333333,4,4,22.5,18,0.8,18,0.8,NA,NA,NA,NA
"385",2015,"Villamanrique_sur","Cistus ladanifer","A",3,3,1,0,4,7,0.571428571428571,495.5,0.155755,1,1,2.5,2,0.8,2,0.8,NA,NA,NA,NA
"386",2015,"Villamanrique_sur","Cistus ladanifer","B",2,3,1,0,3,6,0.5,368,0.116565,1,1,5,4,0.8,NA,NA,NA,NA,4,0.8
"387",2016,"Villamanrique_sur","Cistus ladanifer","A",3,0,0,0,3,3,1,316,0.114933333333333,3,3,1.8,3,1.66666666666667,NA,NA,2,1.11111111111111,1,0.555555555555556
"388",2016,"Villamanrique_sur","Cistus ladanifer","B",2,0,1,0,3,3,1,211.333333333333,0.0729833333333333,2,2,3.6,8,2.22222222222222,7,1.94444444444444,1,0.277777777777778,NA,NA
"389",2019,"Villamanrique_sur","Cistus ladanifer","B",1,0,1,0,2,2,1,681.5,0.159565,1,1,11,3,0.272727272727273,NA,NA,3,0.272727272727273,NA,NA
"390",2019,"Villamanrique_sur","Cistus ladanifer","C",1,0,0,0,1,1,1,1060,0.26571,1,1,9,4,0.444444444444444,4,0.444444444444444,NA,NA,NA,NA
"391",2016,"Villamanrique_sur","Cistus salviifolius","A",0,0,2,0,2,2,1,10.5,0.01584,1,1,5.5,9,1.63636363636364,9,1.63636363636364,NA,NA,NA,NA
"392",2016,"Villamanrique_sur","Cistus salviifolius","B",2,0,0,0,2,2,1,13.5,0.0218,1,1,3,1,0.333333333333333,1,0.333333333333333,NA,NA,NA,NA
"393",2019,"Villamanrique_sur","Halimium calycinum","A",4,0,0,0,4,4,1,3.33333333333333,0.01337,2,2,32.6666666666667,4,0.122448979591837,2,0.0612244897959184,2,0.0612244897959184,NA,NA
"394",2019,"Villamanrique_sur","Halimium calycinum","B",3,0,0,0,3,3,1,3.66666666666667,0.01454,3,3,29,12,0.413793103448276,7,0.241379310344828,5,0.172413793103448,NA,NA
"395",2019,"Villamanrique_sur","Halimium calycinum","C",6,0,0,0,6,6,1,2,0.00760333333333333,3,3,24,23,0.958333333333333,22,0.916666666666667,1,0.0416666666666667,NA,NA
"396",2017,"Villamanrique_sur","Lavandula pedunculata","A",88,42,0,0,88,130,0.676923076923077,1.33333333333333,0.00057,2,2,50,11,0.22,11,0.22,NA,NA,NA,NA
"397",2015,"Villamanrique_sur","Lavandula stoechas","A",108,15,6,0,114,129,0.883720930232558,2.33333333333333,0.000613333333333333,3,3,47.25,15,0.317460317460317,15,0.317460317460317,NA,NA,NA,NA
"398",2015,"Villamanrique_sur","Lavandula stoechas","B",311,61,2,0,313,374,0.836898395721925,0.8,0.000874,1,1,27,16,0.592592592592593,16,0.592592592592593,NA,NA,NA,NA
"399",2016,"Villamanrique_sur","Salvia rosmarinus","A",3,3,0,0,3,6,0.5,2.33333333333333,0.000456666666666667,4,4,1885,74,0.0392572944297082,74,0.0392572944297082,NA,NA,NA,NA
"400",2016,"Villamanrique_sur","Salvia rosmarinus","B",1,0,0,0,1,1,1,2,0.00022,2,2,1473.33333333333,9,0.00610859728506787,9,0.00610859728506787,NA,NA,NA,NA
